descriptor,sim_idx,filename,size_bytes,status
Inter_PI,1,Inter_PI_1.npz,40917,copied
Inter_PI,2,Inter_PI_2.npz,35637,copied
Inter_PI,3,Inter_PI_3.npz,18905,copied
Inter_PI,4,Inter_PI_4.npz,21003,copied
Inter_PI,5,Inter_PI_5.npz,37863,copied
Inter_PI,6,Inter_PI_6.npz,20225,copied
Inter_PI,7,Inter_PI_7.npz,16229,copied
Inter_PI,8,Inter_PI_8.npz,38058,copied
Inter_PI,9,Inter_PI_9.npz,32686,copied
Inter_PI,10,Inter_PI_10.npz,36335,copied
Inter_PI,11,Inter_PI_11.npz,23001,copied
Inter_PI,12,Inter_PI_12.npz,30343,copied
Inter_PI,13,Inter_PI_13.npz,37861,copied
Inter_PI,14,Inter_PI_14.npz,38236,copied
Inter_PI,15,Inter_PI_15.npz,32522,copied
Inter_PI,16,Inter_PI_16.npz,31723,copied
Inter_PI,17,Inter_PI_17.npz,38542,copied
Inter_PI,18,Inter_PI_18.npz,13345,copied
Inter_PI,19,Inter_PI_19.npz,23769,copied
Inter_PI,20,Inter_PI_20.npz,12997,copied
Inter_PI,21,Inter_PI_21.npz,13503,copied
Inter_PI,22,Inter_PI_22.npz,24552,copied
Inter_PI,23,Inter_PI_23.npz,26454,copied
Inter_PI,24,Inter_PI_24.npz,12829,copied
Inter_PI,25,Inter_PI_25.npz,34019,copied
Inter_PI,26,Inter_PI_26.npz,12648,copied
Inter_PI,27,Inter_PI_27.npz,34510,copied
Inter_PI,28,Inter_PI_28.npz,28114,copied
Inter_PI,29,Inter_PI_29.npz,30460,copied
Inter_PI,30,Inter_PI_30.npz,36231,copied
Inter_PI,31,Inter_PI_31.npz,39178,copied
Inter_PI,32,Inter_PI_32.npz,11845,copied
Inter_PI,33,Inter_PI_33.npz,13319,copied
Inter_PI,34,Inter_PI_34.npz,12078,copied
Inter_PI,35,Inter_PI_35.npz,13947,copied
Inter_PI,36,Inter_PI_36.npz,15500,copied
Inter_PI,37,Inter_PI_37.npz,19659,copied
Inter_PI,38,Inter_PI_38.npz,11870,copied
Inter_PI,39,Inter_PI_39.npz,14260,copied
Inter_PI,40,Inter_PI_40.npz,13027,copied
Inter_PI,41,Inter_PI_41.npz,7176,copied
Inter_PI,42,Inter_PI_42.npz,7103,copied
Inter_PI,43,Inter_PI_43.npz,13746,copied
Inter_PI,44,Inter_PI_44.npz,12685,copied
Inter_PI,45,Inter_PI_45.npz,12293,copied
Inter_PI,46,Inter_PI_46.npz,12859,copied
Inter_PI,47,Inter_PI_47.npz,12605,copied
Inter_PI,48,Inter_PI_48.npz,33836,copied
Inter_PI,49,Inter_PI_49.npz,23020,copied
Inter_PI,50,Inter_PI_50.npz,7153,copied
Inter_PI,51,Inter_PI_51.npz,13072,copied
Inter_PI,52,Inter_PI_52.npz,12806,copied
Inter_PI,53,Inter_PI_53.npz,13134,copied
Inter_PI,54,Inter_PI_54.npz,12729,copied
Inter_PI,55,Inter_PI_55.npz,13078,copied
Inter_PI,56,Inter_PI_56.npz,12810,copied
Inter_PI,57,Inter_PI_57.npz,22614,copied
Inter_PI,58,Inter_PI_58.npz,7195,copied
Inter_PI,59,Inter_PI_59.npz,13196,copied
Inter_PI,60,Inter_PI_60.npz,19895,copied
Inter_PI,61,Inter_PI_61.npz,12589,copied
Inter_PI,62,Inter_PI_62.npz,13144,copied
Inter_PI,63,Inter_PI_63.npz,12649,copied
Inter_PI,64,Inter_PI_64.npz,13246,copied
Inter_PI,65,Inter_PI_65.npz,39515,copied
Inter_PI,66,Inter_PI_66.npz,33174,copied
Inter_PI,67,Inter_PI_67.npz,17908,copied
Inter_PI,68,Inter_PI_68.npz,22971,copied
Inter_PI,69,Inter_PI_69.npz,37567,copied
Inter_PI,70,Inter_PI_70.npz,23275,copied
Inter_PI,71,Inter_PI_71.npz,21118,copied
Inter_PI,72,Inter_PI_72.npz,23793,copied
Inter_PI,73,Inter_PI_73.npz,35561,copied
Inter_PI,74,Inter_PI_74.npz,35740,copied
Inter_PI,75,Inter_PI_75.npz,36576,copied
Inter_PI,76,Inter_PI_76.npz,32737,copied
Inter_PI,77,Inter_PI_77.npz,27507,copied
Inter_PI,78,Inter_PI_78.npz,19880,copied
Inter_PI,79,Inter_PI_79.npz,20611,copied
Inter_PI,80,Inter_PI_80.npz,36175,copied
Inter_PI,81,Inter_PI_81.npz,32134,copied
Inter_PI,82,Inter_PI_82.npz,20044,copied
Inter_PI,83,Inter_PI_83.npz,34794,copied
Inter_PI,84,Inter_PI_84.npz,12917,copied
Inter_PI,85,Inter_PI_85.npz,34754,copied
Inter_PI,86,Inter_PI_86.npz,14411,copied
Inter_PI,87,Inter_PI_87.npz,15795,copied
Inter_PI,88,Inter_PI_88.npz,29241,copied
Inter_PI,89,Inter_PI_89.npz,23069,copied
Inter_PI,90,Inter_PI_90.npz,13204,copied
Inter_PI,91,Inter_PI_91.npz,28530,copied
Inter_PI,92,Inter_PI_92.npz,12681,copied
Inter_PI,93,Inter_PI_93.npz,19667,copied
Inter_PI,94,Inter_PI_94.npz,28723,copied
Inter_PI,95,Inter_PI_95.npz,15941,copied
Inter_PI,96,Inter_PI_96.npz,12627,copied
Inter_PI,97,Inter_PI_97.npz,7240,copied
Inter_PI,98,Inter_PI_98.npz,7749,copied
Inter_PI,99,Inter_PI_99.npz,25838,copied
Inter_PI,100,Inter_PI_100.npz,12484,copied
Inter_PI,101,Inter_PI_101.npz,19790,copied
Inter_PI,102,Inter_PI_102.npz,15227,copied
Inter_PI,103,Inter_PI_103.npz,11010,copied
Inter_PI,104,Inter_PI_104.npz,12984,copied
Inter_PI,105,Inter_PI_105.npz,7542,copied
Inter_PI,106,Inter_PI_106.npz,33607,copied
Inter_PI,107,Inter_PI_107.npz,13504,copied
Inter_PI,108,Inter_PI_108.npz,21248,copied
Inter_PI,109,Inter_PI_109.npz,12649,copied
Inter_PI,110,Inter_PI_110.npz,12309,copied
Inter_PI,111,Inter_PI_111.npz,11622,copied
Inter_PI,112,Inter_PI_112.npz,11786,copied
Inter_PI,113,Inter_PI_113.npz,7559,copied
Inter_PI,114,Inter_PI_114.npz,12730,copied
Inter_PI,115,Inter_PI_115.npz,12337,copied
Inter_PI,116,Inter_PI_116.npz,12299,copied
Inter_PI,117,Inter_PI_117.npz,12637,copied
Inter_PI,118,Inter_PI_118.npz,12633,copied
Inter_PI,119,Inter_PI_119.npz,12877,copied
Inter_PI,120,Inter_PI_120.npz,12279,copied
Inter_PI,121,Inter_PI_121.npz,6845,copied
Inter_PI,122,Inter_PI_122.npz,22910,copied
Inter_PI,123,Inter_PI_123.npz,12312,copied
Inter_PI,124,Inter_PI_124.npz,12262,copied
Inter_PI,125,Inter_PI_125.npz,13019,copied
Inter_PI,126,Inter_PI_126.npz,12867,copied
Inter_PI,127,Inter_PI_127.npz,12866,copied
Inter_PI,128,Inter_PI_128.npz,12392,copied
Inter_PI,129,Inter_PI_129.npz,34480,copied
Inter_PI,130,Inter_PI_130.npz,22608,copied
Inter_PI,131,Inter_PI_131.npz,10691,copied
Inter_PI,132,Inter_PI_132.npz,30279,copied
Inter_PI,133,Inter_PI_133.npz,41247,copied
Inter_PI,134,Inter_PI_134.npz,27362,copied
Inter_PI,135,Inter_PI_135.npz,10476,copied
Inter_PI,136,Inter_PI_136.npz,20965,copied
Inter_PI,137,Inter_PI_137.npz,32965,copied
Inter_PI,138,Inter_PI_138.npz,20744,copied
Inter_PI,139,Inter_PI_139.npz,21592,copied
Inter_PI,140,Inter_PI_140.npz,10218,copied
Inter_PI,141,Inter_PI_141.npz,27426,copied
Inter_PI,142,Inter_PI_142.npz,24124,copied
Inter_PI,143,Inter_PI_143.npz,28887,copied
Inter_PI,144,Inter_PI_144.npz,9981,copied
Inter_PI,145,Inter_PI_145.npz,27655,copied
Inter_PI,146,Inter_PI_146.npz,34296,copied
Inter_PI,147,Inter_PI_147.npz,12078,copied
Inter_PI,148,Inter_PI_148.npz,24095,copied
Inter_PI,149,Inter_PI_149.npz,27441,copied
Inter_PI,150,Inter_PI_150.npz,32280,copied
Inter_PI,151,Inter_PI_151.npz,21387,copied
Inter_PI,152,Inter_PI_152.npz,10717,copied
Inter_PI,153,Inter_PI_153.npz,22380,copied
Inter_PI,154,Inter_PI_154.npz,13318,copied
Inter_PI,155,Inter_PI_155.npz,33363,copied
Inter_PI,156,Inter_PI_156.npz,35015,copied
Inter_PI,157,Inter_PI_157.npz,32226,copied
Inter_PI,158,Inter_PI_158.npz,16371,copied
Inter_PI,159,Inter_PI_159.npz,11670,copied
Inter_PI,160,Inter_PI_160.npz,11673,copied
Inter_PI,161,Inter_PI_161.npz,13244,copied
Inter_PI,162,Inter_PI_162.npz,12919,copied
Inter_PI,163,Inter_PI_163.npz,13311,copied
Inter_PI,164,Inter_PI_164.npz,22523,copied
Inter_PI,165,Inter_PI_165.npz,12940,copied
Inter_PI,166,Inter_PI_166.npz,12146,copied
Inter_PI,167,Inter_PI_167.npz,15793,copied
Inter_PI,168,Inter_PI_168.npz,11743,copied
Inter_PI,169,Inter_PI_169.npz,12733,copied
Inter_PI,170,Inter_PI_170.npz,20923,copied
Inter_PI,171,Inter_PI_171.npz,13531,copied
Inter_PI,172,Inter_PI_172.npz,19423,copied
Inter_PI,173,Inter_PI_173.npz,13096,copied
Inter_PI,174,Inter_PI_174.npz,16985,copied
Inter_PI,175,Inter_PI_175.npz,15112,copied
Inter_PI,176,Inter_PI_176.npz,11649,copied
Inter_PI,177,Inter_PI_177.npz,13324,copied
Inter_PI,178,Inter_PI_178.npz,23234,copied
Inter_PI,179,Inter_PI_179.npz,23886,copied
Inter_PI,180,Inter_PI_180.npz,12063,copied
Inter_PI,181,Inter_PI_181.npz,20597,copied
Inter_PI,182,Inter_PI_182.npz,12307,copied
Inter_PI,183,Inter_PI_183.npz,12098,copied
Inter_PI,184,Inter_PI_184.npz,14951,copied
Inter_PI,185,Inter_PI_185.npz,6664,copied
Inter_PI,186,Inter_PI_186.npz,12701,copied
Inter_PI,187,Inter_PI_187.npz,11375,copied
Inter_PI,188,Inter_PI_188.npz,12949,copied
Inter_PI,189,Inter_PI_189.npz,12638,copied
Inter_PI,190,Inter_PI_190.npz,12056,copied
Inter_PI,191,Inter_PI_191.npz,13648,copied
Inter_PI,192,Inter_PI_192.npz,12085,copied
Inter_PI,193,Inter_PI_193.npz,26871,copied
Inter_PI,194,Inter_PI_194.npz,20321,copied
Inter_PI,195,Inter_PI_195.npz,27550,copied
Inter_PI,196,Inter_PI_196.npz,25867,copied
Inter_PI,197,Inter_PI_197.npz,22486,copied
Inter_PI,198,Inter_PI_198.npz,9801,copied
Inter_PI,199,Inter_PI_199.npz,9956,copied
Inter_PI,200,Inter_PI_200.npz,15972,copied
Inter_PI,201,Inter_PI_201.npz,22589,copied
Inter_PI,202,Inter_PI_202.npz,17165,copied
Inter_PI,203,Inter_PI_203.npz,10636,copied
Inter_PI,204,Inter_PI_204.npz,39102,copied
Inter_PI,205,Inter_PI_205.npz,13251,copied
Inter_PI,206,Inter_PI_206.npz,9748,copied
Inter_PI,207,Inter_PI_207.npz,10200,copied
Inter_PI,208,Inter_PI_208.npz,21888,copied
Inter_PI,209,Inter_PI_209.npz,40622,copied
Inter_PI,210,Inter_PI_210.npz,20600,copied
Inter_PI,211,Inter_PI_211.npz,33667,copied
Inter_PI,212,Inter_PI_212.npz,20403,copied
Inter_PI,213,Inter_PI_213.npz,9958,copied
Inter_PI,214,Inter_PI_214.npz,17300,copied
Inter_PI,215,Inter_PI_215.npz,10213,copied
Inter_PI,216,Inter_PI_216.npz,9847,copied
Inter_PI,217,Inter_PI_217.npz,18970,copied
Inter_PI,218,Inter_PI_218.npz,18618,copied
Inter_PI,219,Inter_PI_219.npz,24469,copied
Inter_PI,220,Inter_PI_220.npz,24805,copied
Inter_PI,221,Inter_PI_221.npz,12997,copied
Inter_PI,222,Inter_PI_222.npz,40654,copied
Inter_PI,223,Inter_PI_223.npz,10740,copied
Inter_PI,224,Inter_PI_224.npz,28873,copied
Inter_PI,225,Inter_PI_225.npz,29426,copied
Inter_PI,226,Inter_PI_226.npz,13014,copied
Inter_PI,227,Inter_PI_227.npz,13663,copied
Inter_PI,228,Inter_PI_228.npz,19476,copied
Inter_PI,229,Inter_PI_229.npz,12616,copied
Inter_PI,230,Inter_PI_230.npz,12658,copied
Inter_PI,231,Inter_PI_231.npz,16064,copied
Inter_PI,232,Inter_PI_232.npz,9942,copied
Inter_PI,233,Inter_PI_233.npz,24205,copied
Inter_PI,234,Inter_PI_234.npz,33116,copied
Inter_PI,235,Inter_PI_235.npz,19668,copied
Inter_PI,236,Inter_PI_236.npz,17752,copied
Inter_PI,237,Inter_PI_237.npz,13403,copied
Inter_PI,238,Inter_PI_238.npz,11801,copied
Inter_PI,239,Inter_PI_239.npz,13585,copied
Inter_PI,240,Inter_PI_240.npz,11376,copied
Inter_PI,241,Inter_PI_241.npz,13585,copied
Inter_PI,242,Inter_PI_242.npz,18641,copied
Inter_PI,243,Inter_PI_243.npz,25376,copied
Inter_PI,244,Inter_PI_244.npz,12635,copied
Inter_PI,245,Inter_PI_245.npz,23758,copied
Inter_PI,246,Inter_PI_246.npz,12600,copied
Inter_PI,247,Inter_PI_247.npz,12076,copied
Inter_PI,248,Inter_PI_248.npz,11554,copied
Inter_PI,249,Inter_PI_249.npz,12628,copied
Inter_PI,250,Inter_PI_250.npz,28312,copied
Inter_PI,251,Inter_PI_251.npz,12742,copied
Inter_PI,252,Inter_PI_252.npz,12050,copied
Inter_PI,253,Inter_PI_253.npz,11946,copied
Inter_PI,254,Inter_PI_254.npz,12558,copied
Inter_PI,255,Inter_PI_255.npz,11990,copied
Inter_PI,256,Inter_PI_256.npz,11740,copied
Inter_PI,257,Inter_PI_257.npz,27086,copied
Inter_PI,258,Inter_PI_258.npz,30092,copied
Inter_PI,259,Inter_PI_259.npz,25778,copied
Inter_PI,260,Inter_PI_260.npz,28578,copied
Inter_PI,261,Inter_PI_261.npz,10194,copied
Inter_PI,262,Inter_PI_262.npz,9461,copied
Inter_PI,263,Inter_PI_263.npz,14547,copied
Inter_PI,264,Inter_PI_264.npz,22535,copied
Inter_PI,265,Inter_PI_265.npz,19743,copied
Inter_PI,266,Inter_PI_266.npz,15906,copied
Inter_PI,267,Inter_PI_267.npz,26851,copied
Inter_PI,268,Inter_PI_268.npz,20372,copied
Inter_PI,269,Inter_PI_269.npz,21783,copied
Inter_PI,270,Inter_PI_270.npz,19256,copied
Inter_PI,271,Inter_PI_271.npz,18332,copied
Inter_PI,272,Inter_PI_272.npz,9689,copied
Inter_PI,273,Inter_PI_273.npz,17454,copied
Inter_PI,274,Inter_PI_274.npz,41505,copied
Inter_PI,275,Inter_PI_275.npz,23299,copied
Inter_PI,276,Inter_PI_276.npz,10332,copied
Inter_PI,277,Inter_PI_277.npz,10356,copied
Inter_PI,278,Inter_PI_278.npz,32548,copied
Inter_PI,279,Inter_PI_279.npz,30480,copied
Inter_PI,280,Inter_PI_280.npz,10208,copied
Inter_PI,281,Inter_PI_281.npz,40447,copied
Inter_PI,282,Inter_PI_282.npz,19417,copied
Inter_PI,283,Inter_PI_283.npz,28731,copied
Inter_PI,284,Inter_PI_284.npz,16305,copied
Inter_PI,285,Inter_PI_285.npz,9384,copied
Inter_PI,286,Inter_PI_286.npz,9251,copied
Inter_PI,287,Inter_PI_287.npz,10157,copied
Inter_PI,288,Inter_PI_288.npz,22737,copied
Inter_PI,289,Inter_PI_289.npz,12457,copied
Inter_PI,290,Inter_PI_290.npz,13119,copied
Inter_PI,291,Inter_PI_291.npz,12830,copied
Inter_PI,292,Inter_PI_292.npz,15094,copied
Inter_PI,293,Inter_PI_293.npz,10966,copied
Inter_PI,294,Inter_PI_294.npz,10713,copied
Inter_PI,295,Inter_PI_295.npz,10918,copied
Inter_PI,296,Inter_PI_296.npz,9542,copied
Inter_PI,297,Inter_PI_297.npz,13691,copied
Inter_PI,298,Inter_PI_298.npz,38330,copied
Inter_PI,299,Inter_PI_299.npz,13292,copied
Inter_PI,300,Inter_PI_300.npz,41941,copied
Inter_PI,301,Inter_PI_301.npz,12630,copied
Inter_PI,302,Inter_PI_302.npz,12217,copied
Inter_PI,303,Inter_PI_303.npz,11622,copied
Inter_PI,304,Inter_PI_304.npz,10528,copied
Inter_PI,305,Inter_PI_305.npz,13410,copied
Inter_PI,306,Inter_PI_306.npz,12844,copied
Inter_PI,307,Inter_PI_307.npz,24379,copied
Inter_PI,308,Inter_PI_308.npz,13244,copied
Inter_PI,309,Inter_PI_309.npz,13051,copied
Inter_PI,310,Inter_PI_310.npz,12853,copied
Inter_PI,311,Inter_PI_311.npz,12072,copied
Inter_PI,312,Inter_PI_312.npz,11813,copied
Inter_PI,313,Inter_PI_313.npz,31923,copied
Inter_PI,314,Inter_PI_314.npz,36795,copied
Inter_PI,315,Inter_PI_315.npz,14735,copied
Inter_PI,316,Inter_PI_316.npz,13095,copied
Inter_PI,317,Inter_PI_317.npz,12460,copied
Inter_PI,318,Inter_PI_318.npz,12137,copied
Inter_PI,319,Inter_PI_319.npz,11532,copied
Inter_PI,320,Inter_PI_320.npz,12459,copied
Inter_PI,321,Inter_PI_321.npz,14758,copied
Inter_PI,322,Inter_PI_322.npz,31485,copied
Inter_PI,323,Inter_PI_323.npz,6541,copied
Inter_PI,324,Inter_PI_324.npz,16158,copied
Inter_PI,325,Inter_PI_325.npz,5574,copied
Inter_PI,326,Inter_PI_326.npz,10182,copied
Inter_PI,327,Inter_PI_327.npz,26980,copied
Inter_PI,328,Inter_PI_328.npz,24775,copied
Inter_PI,329,Inter_PI_329.npz,34296,copied
Inter_PI,330,Inter_PI_330.npz,16382,copied
Inter_PI,331,Inter_PI_331.npz,27999,copied
Inter_PI,332,Inter_PI_332.npz,12594,copied
Inter_PI,333,Inter_PI_333.npz,22676,copied
Inter_PI,334,Inter_PI_334.npz,19407,copied
Inter_PI,335,Inter_PI_335.npz,33290,copied
Inter_PI,336,Inter_PI_336.npz,9789,copied
Inter_PI,337,Inter_PI_337.npz,34339,copied
Inter_PI,338,Inter_PI_338.npz,30082,copied
Inter_PI,339,Inter_PI_339.npz,23642,copied
Inter_PI,340,Inter_PI_340.npz,10310,copied
Inter_PI,341,Inter_PI_341.npz,21668,copied
Inter_PI,342,Inter_PI_342.npz,20231,copied
Inter_PI,343,Inter_PI_343.npz,10226,copied
Inter_PI,344,Inter_PI_344.npz,8754,copied
Inter_PI,345,Inter_PI_345.npz,30361,copied
Inter_PI,346,Inter_PI_346.npz,23943,copied
Inter_PI,347,Inter_PI_347.npz,11696,copied
Inter_PI,348,Inter_PI_348.npz,18528,copied
Inter_PI,349,Inter_PI_349.npz,22373,copied
Inter_PI,350,Inter_PI_350.npz,10553,copied
Inter_PI,351,Inter_PI_351.npz,9296,copied
Inter_PI,352,Inter_PI_352.npz,10237,copied
Inter_PI,353,Inter_PI_353.npz,12704,copied
Inter_PI,354,Inter_PI_354.npz,24233,copied
Inter_PI,355,Inter_PI_355.npz,11541,copied
Inter_PI,356,Inter_PI_356.npz,12362,copied
Inter_PI,357,Inter_PI_357.npz,10726,copied
Inter_PI,358,Inter_PI_358.npz,9612,copied
Inter_PI,359,Inter_PI_359.npz,13896,copied
Inter_PI,360,Inter_PI_360.npz,9302,copied
Inter_PI,361,Inter_PI_361.npz,12912,copied
Inter_PI,362,Inter_PI_362.npz,18854,copied
Inter_PI,363,Inter_PI_363.npz,34320,copied
Inter_PI,364,Inter_PI_364.npz,10776,copied
Inter_PI,365,Inter_PI_365.npz,11923,copied
Inter_PI,366,Inter_PI_366.npz,11517,copied
Inter_PI,367,Inter_PI_367.npz,9597,copied
Inter_PI,368,Inter_PI_368.npz,9691,copied
Inter_PI,369,Inter_PI_369.npz,20137,copied
Inter_PI,370,Inter_PI_370.npz,31224,copied
Inter_PI,371,Inter_PI_371.npz,18955,copied
Inter_PI,372,Inter_PI_372.npz,10936,copied
Inter_PI,373,Inter_PI_373.npz,13154,copied
Inter_PI,374,Inter_PI_374.npz,11444,copied
Inter_PI,375,Inter_PI_375.npz,12007,copied
Inter_PI,376,Inter_PI_376.npz,11284,copied
Inter_PI,377,Inter_PI_377.npz,13619,copied
Inter_PI,378,Inter_PI_378.npz,13368,copied
Inter_PI,379,Inter_PI_379.npz,11884,copied
Inter_PI,380,Inter_PI_380.npz,11731,copied
Inter_PI,381,Inter_PI_381.npz,11702,copied
Inter_PI,382,Inter_PI_382.npz,13754,copied
Inter_PI,383,Inter_PI_383.npz,12442,copied
Inter_PI,384,Inter_PI_384.npz,17340,copied
Inter_PI,385,Inter_PI_385.npz,26114,copied
Inter_PI,386,Inter_PI_386.npz,33491,copied
Inter_PI,387,Inter_PI_387.npz,24369,copied
Inter_PI,388,Inter_PI_388.npz,6446,copied
Inter_PI,389,Inter_PI_389.npz,5591,copied
Inter_PI,390,Inter_PI_390.npz,14509,copied
Inter_PI,391,Inter_PI_391.npz,8853,copied
Inter_PI,392,Inter_PI_392.npz,2565,copied
Inter_PI,393,Inter_PI_393.npz,15349,copied
Inter_PI,394,Inter_PI_394.npz,17263,copied
Inter_PI,395,Inter_PI_395.npz,26541,copied
Inter_PI,396,Inter_PI_396.npz,10139,copied
Inter_PI,397,Inter_PI_397.npz,26760,copied
Inter_PI,398,Inter_PI_398.npz,33412,copied
Inter_PI,399,Inter_PI_399.npz,39249,copied
Inter_PI,400,Inter_PI_400.npz,20308,copied
Inter_PI,401,Inter_PI_401.npz,12683,copied
Inter_PI,402,Inter_PI_402.npz,26062,copied
Inter_PI,403,Inter_PI_403.npz,20446,copied
Inter_PI,404,Inter_PI_404.npz,18458,copied
Inter_PI,405,Inter_PI_405.npz,9828,copied
Inter_PI,406,Inter_PI_406.npz,8898,copied
Inter_PI,407,Inter_PI_407.npz,18582,copied
Inter_PI,408,Inter_PI_408.npz,17665,copied
Inter_PI,409,Inter_PI_409.npz,26867,copied
Inter_PI,410,Inter_PI_410.npz,13755,copied
Inter_PI,411,Inter_PI_411.npz,19896,copied
Inter_PI,412,Inter_PI_412.npz,22310,copied
Inter_PI,413,Inter_PI_413.npz,19578,copied
Inter_PI,414,Inter_PI_414.npz,21603,copied
Inter_PI,415,Inter_PI_415.npz,10355,copied
Inter_PI,416,Inter_PI_416.npz,10121,copied
Inter_PI,417,Inter_PI_417.npz,20107,copied
Inter_PI,418,Inter_PI_418.npz,51313,copied
Inter_PI,419,Inter_PI_419.npz,14379,copied
Inter_PI,420,Inter_PI_420.npz,11330,copied
Inter_PI,421,Inter_PI_421.npz,9184,copied
Inter_PI,422,Inter_PI_422.npz,18616,copied
Inter_PI,423,Inter_PI_423.npz,9498,copied
Inter_PI,424,Inter_PI_424.npz,9268,copied
Inter_PI,425,Inter_PI_425.npz,16018,copied
Inter_PI,426,Inter_PI_426.npz,11958,copied
Inter_PI,427,Inter_PI_427.npz,24579,copied
Inter_PI,428,Inter_PI_428.npz,15200,copied
Inter_PI,429,Inter_PI_429.npz,11582,copied
Inter_PI,430,Inter_PI_430.npz,9725,copied
Inter_PI,431,Inter_PI_431.npz,9778,copied
Inter_PI,432,Inter_PI_432.npz,9517,copied
Inter_PI,433,Inter_PI_433.npz,13669,copied
Inter_PI,434,Inter_PI_434.npz,13309,copied
Inter_PI,435,Inter_PI_435.npz,19271,copied
Inter_PI,436,Inter_PI_436.npz,24146,copied
Inter_PI,437,Inter_PI_437.npz,11611,copied
Inter_PI,438,Inter_PI_438.npz,11726,copied
Inter_PI,439,Inter_PI_439.npz,11045,copied
Inter_PI,440,Inter_PI_440.npz,10306,copied
Inter_PI,441,Inter_PI_441.npz,21461,copied
Inter_PI,442,Inter_PI_442.npz,12784,copied
Inter_PI,443,Inter_PI_443.npz,12729,copied
Inter_PI,444,Inter_PI_444.npz,13526,copied
Inter_PI,445,Inter_PI_445.npz,11323,copied
Inter_PI,446,Inter_PI_446.npz,12440,copied
Inter_PI,447,Inter_PI_447.npz,11927,copied
Inter_PI,448,Inter_PI_448.npz,11776,copied
Inter_PI,449,Inter_PI_449.npz,25148,copied
Inter_PI,450,Inter_PI_450.npz,30974,copied
Inter_PI,451,Inter_PI_451.npz,10559,copied
Inter_PI,452,Inter_PI_452.npz,2600,copied
Inter_PI,453,Inter_PI_453.npz,18694,copied
Inter_PI,454,Inter_PI_454.npz,15227,copied
Inter_PI,455,Inter_PI_455.npz,35474,copied
Inter_PI,456,Inter_PI_456.npz,43000,copied
Inter_PI,457,Inter_PI_457.npz,27941,copied
Inter_PI,458,Inter_PI_458.npz,18712,copied
Inter_PI,459,Inter_PI_459.npz,6041,copied
Inter_PI,460,Inter_PI_460.npz,22283,copied
Inter_PI,461,Inter_PI_461.npz,27932,copied
Inter_PI,462,Inter_PI_462.npz,9755,copied
Inter_PI,463,Inter_PI_463.npz,29427,copied
Inter_PI,464,Inter_PI_464.npz,22159,copied
Inter_PI,465,Inter_PI_465.npz,31626,copied
Inter_PI,466,Inter_PI_466.npz,13507,copied
Inter_PI,467,Inter_PI_467.npz,18609,copied
Inter_PI,468,Inter_PI_468.npz,30171,copied
Inter_PI,469,Inter_PI_469.npz,45055,copied
Inter_PI,470,Inter_PI_470.npz,42461,copied
Inter_PI,471,Inter_PI_471.npz,28159,copied
Inter_PI,472,Inter_PI_472.npz,22466,copied
Inter_PI,473,Inter_PI_473.npz,12750,copied
Inter_PI,474,Inter_PI_474.npz,25183,copied
Inter_PI,475,Inter_PI_475.npz,12479,copied
Inter_PI,476,Inter_PI_476.npz,20121,copied
Inter_PI,477,Inter_PI_477.npz,8980,copied
Inter_PI,478,Inter_PI_478.npz,9056,copied
Inter_PI,479,Inter_PI_479.npz,8982,copied
Inter_PI,480,Inter_PI_480.npz,9158,copied
Inter_PI,481,Inter_PI_481.npz,35814,copied
Inter_PI,482,Inter_PI_482.npz,26034,copied
Inter_PI,483,Inter_PI_483.npz,11679,copied
Inter_PI,484,Inter_PI_484.npz,10572,copied
Inter_PI,485,Inter_PI_485.npz,9276,copied
Inter_PI,486,Inter_PI_486.npz,9367,copied
Inter_PI,487,Inter_PI_487.npz,9272,copied
Inter_PI,488,Inter_PI_488.npz,9421,copied
Inter_PI,489,Inter_PI_489.npz,22888,copied
Inter_PI,490,Inter_PI_490.npz,12847,copied
Inter_PI,491,Inter_PI_491.npz,17523,copied
Inter_PI,492,Inter_PI_492.npz,11465,copied
Inter_PI,493,Inter_PI_493.npz,9604,copied
Inter_PI,494,Inter_PI_494.npz,9697,copied
Inter_PI,495,Inter_PI_495.npz,9621,copied
Inter_PI,496,Inter_PI_496.npz,9633,copied
Inter_PI,497,Inter_PI_497.npz,13556,copied
Inter_PI,498,Inter_PI_498.npz,20552,copied
Inter_PI,499,Inter_PI_499.npz,11550,copied
Inter_PI,500,Inter_PI_500.npz,10943,copied
Inter_PI,501,Inter_PI_501.npz,11817,copied
Inter_PI,502,Inter_PI_502.npz,10474,copied
Inter_PI,503,Inter_PI_503.npz,10077,copied
Inter_PI,504,Inter_PI_504.npz,9779,copied
Inter_PI,505,Inter_PI_505.npz,13084,copied
Inter_PI,506,Inter_PI_506.npz,27713,copied
Inter_PI,507,Inter_PI_507.npz,13120,copied
Inter_PI,508,Inter_PI_508.npz,11462,copied
Inter_PI,509,Inter_PI_509.npz,10932,copied
Inter_PI,510,Inter_PI_510.npz,11879,copied
Inter_PI,511,Inter_PI_511.npz,11901,copied
Inter_PI,512,Inter_PI_512.npz,10635,copied
3D_PI,1,3D_PI_1.npz,134778,copied
3D_PI,2,3D_PI_2.npz,134800,copied
3D_PI,3,3D_PI_3.npz,122976,copied
3D_PI,4,3D_PI_4.npz,127308,copied
3D_PI,5,3D_PI_5.npz,134554,copied
3D_PI,6,3D_PI_6.npz,116581,copied
3D_PI,7,3D_PI_7.npz,117210,copied
3D_PI,8,3D_PI_8.npz,133223,copied
3D_PI,9,3D_PI_9.npz,134863,copied
3D_PI,10,3D_PI_10.npz,134710,copied
3D_PI,11,3D_PI_11.npz,128910,copied
3D_PI,12,3D_PI_12.npz,121907,copied
3D_PI,13,3D_PI_13.npz,126246,copied
3D_PI,14,3D_PI_14.npz,128845,copied
3D_PI,15,3D_PI_15.npz,134142,copied
3D_PI,16,3D_PI_16.npz,133791,copied
3D_PI,17,3D_PI_17.npz,134945,copied
3D_PI,18,3D_PI_18.npz,134939,copied
3D_PI,19,3D_PI_19.npz,123392,copied
3D_PI,20,3D_PI_20.npz,126213,copied
3D_PI,21,3D_PI_21.npz,134945,copied
3D_PI,22,3D_PI_22.npz,135056,copied
3D_PI,23,3D_PI_23.npz,126553,copied
3D_PI,24,3D_PI_24.npz,134019,copied
3D_PI,25,3D_PI_25.npz,135049,copied
3D_PI,26,3D_PI_26.npz,134937,copied
3D_PI,27,3D_PI_27.npz,135057,copied
3D_PI,28,3D_PI_28.npz,134774,copied
3D_PI,29,3D_PI_29.npz,134730,copied
3D_PI,30,3D_PI_30.npz,135096,copied
3D_PI,31,3D_PI_31.npz,134929,copied
3D_PI,32,3D_PI_32.npz,134855,copied
3D_PI,33,3D_PI_33.npz,134958,copied
3D_PI,34,3D_PI_34.npz,133832,copied
3D_PI,35,3D_PI_35.npz,134990,copied
3D_PI,36,3D_PI_36.npz,134333,copied
3D_PI,37,3D_PI_37.npz,134989,copied
3D_PI,38,3D_PI_38.npz,134951,copied
3D_PI,39,3D_PI_39.npz,124986,copied
3D_PI,40,3D_PI_40.npz,134966,copied
3D_PI,41,3D_PI_41.npz,112905,copied
3D_PI,42,3D_PI_42.npz,113195,copied
3D_PI,43,3D_PI_43.npz,134750,copied
3D_PI,44,3D_PI_44.npz,134990,copied
3D_PI,45,3D_PI_45.npz,134984,copied
3D_PI,46,3D_PI_46.npz,134993,copied
3D_PI,47,3D_PI_47.npz,135012,copied
3D_PI,48,3D_PI_48.npz,135071,copied
3D_PI,49,3D_PI_49.npz,120950,copied
3D_PI,50,3D_PI_50.npz,112581,copied
3D_PI,51,3D_PI_51.npz,135028,copied
3D_PI,52,3D_PI_52.npz,134952,copied
3D_PI,53,3D_PI_53.npz,134824,copied
3D_PI,54,3D_PI_54.npz,134937,copied
3D_PI,55,3D_PI_55.npz,135008,copied
3D_PI,56,3D_PI_56.npz,135023,copied
3D_PI,57,3D_PI_57.npz,135089,copied
3D_PI,58,3D_PI_58.npz,113021,copied
3D_PI,59,3D_PI_59.npz,135005,copied
3D_PI,60,3D_PI_60.npz,133993,copied
3D_PI,61,3D_PI_61.npz,133847,copied
3D_PI,62,3D_PI_62.npz,133940,copied
3D_PI,63,3D_PI_63.npz,135001,copied
3D_PI,64,3D_PI_64.npz,134960,copied
3D_PI,65,3D_PI_65.npz,134622,copied
3D_PI,66,3D_PI_66.npz,134778,copied
3D_PI,67,3D_PI_67.npz,118200,copied
3D_PI,68,3D_PI_68.npz,134314,copied
3D_PI,69,3D_PI_69.npz,131035,copied
3D_PI,70,3D_PI_70.npz,134243,copied
3D_PI,71,3D_PI_71.npz,118748,copied
3D_PI,72,3D_PI_72.npz,134657,copied
3D_PI,73,3D_PI_73.npz,134903,copied
3D_PI,74,3D_PI_74.npz,134774,copied
3D_PI,75,3D_PI_75.npz,134369,copied
3D_PI,76,3D_PI_76.npz,121325,copied
3D_PI,77,3D_PI_77.npz,118637,copied
3D_PI,78,3D_PI_78.npz,123397,copied
3D_PI,79,3D_PI_79.npz,120587,copied
3D_PI,80,3D_PI_80.npz,134796,copied
3D_PI,81,3D_PI_81.npz,135081,copied
3D_PI,82,3D_PI_82.npz,118805,copied
3D_PI,83,3D_PI_83.npz,135080,copied
3D_PI,84,3D_PI_84.npz,134940,copied
3D_PI,85,3D_PI_85.npz,118382,copied
3D_PI,86,3D_PI_86.npz,112809,copied
3D_PI,87,3D_PI_87.npz,126131,copied
3D_PI,88,3D_PI_88.npz,126056,copied
3D_PI,89,3D_PI_89.npz,134947,copied
3D_PI,90,3D_PI_90.npz,134390,copied
3D_PI,91,3D_PI_91.npz,123995,copied
3D_PI,92,3D_PI_92.npz,134897,copied
3D_PI,93,3D_PI_93.npz,134969,copied
3D_PI,94,3D_PI_94.npz,135134,copied
3D_PI,95,3D_PI_95.npz,135111,copied
3D_PI,96,3D_PI_96.npz,134745,copied
3D_PI,97,3D_PI_97.npz,113159,copied
3D_PI,98,3D_PI_98.npz,71247,copied
3D_PI,99,3D_PI_99.npz,134754,copied
3D_PI,100,3D_PI_100.npz,134942,copied
3D_PI,101,3D_PI_101.npz,134978,copied
3D_PI,102,3D_PI_102.npz,135041,copied
3D_PI,103,3D_PI_103.npz,134731,copied
3D_PI,104,3D_PI_104.npz,134085,copied
3D_PI,105,3D_PI_105.npz,113683,copied
3D_PI,106,3D_PI_106.npz,134898,copied
3D_PI,107,3D_PI_107.npz,134987,copied
3D_PI,108,3D_PI_108.npz,125422,copied
3D_PI,109,3D_PI_109.npz,134972,copied
3D_PI,110,3D_PI_110.npz,134935,copied
3D_PI,111,3D_PI_111.npz,134936,copied
3D_PI,112,3D_PI_112.npz,134927,copied
3D_PI,113,3D_PI_113.npz,113285,copied
3D_PI,114,3D_PI_114.npz,125244,copied
3D_PI,115,3D_PI_115.npz,134950,copied
3D_PI,116,3D_PI_116.npz,133829,copied
3D_PI,117,3D_PI_117.npz,134962,copied
3D_PI,118,3D_PI_118.npz,134944,copied
3D_PI,119,3D_PI_119.npz,133887,copied
3D_PI,120,3D_PI_120.npz,134970,copied
3D_PI,121,3D_PI_121.npz,113374,copied
3D_PI,122,3D_PI_122.npz,135081,copied
3D_PI,123,3D_PI_123.npz,134379,copied
3D_PI,124,3D_PI_124.npz,134941,copied
3D_PI,125,3D_PI_125.npz,135001,copied
3D_PI,126,3D_PI_126.npz,134996,copied
3D_PI,127,3D_PI_127.npz,134948,copied
3D_PI,128,3D_PI_128.npz,134923,copied
3D_PI,129,3D_PI_129.npz,133217,copied
3D_PI,130,3D_PI_130.npz,131119,copied
3D_PI,131,3D_PI_131.npz,128253,copied
3D_PI,132,3D_PI_132.npz,133968,copied
3D_PI,133,3D_PI_133.npz,121907,copied
3D_PI,134,3D_PI_134.npz,108563,copied
3D_PI,135,3D_PI_135.npz,134729,copied
3D_PI,136,3D_PI_136.npz,104194,copied
3D_PI,137,3D_PI_137.npz,125018,copied
3D_PI,138,3D_PI_138.npz,131319,copied
3D_PI,139,3D_PI_139.npz,133246,copied
3D_PI,140,3D_PI_140.npz,134560,copied
3D_PI,141,3D_PI_141.npz,134661,copied
3D_PI,142,3D_PI_142.npz,131162,copied
3D_PI,143,3D_PI_143.npz,133816,copied
3D_PI,144,3D_PI_144.npz,129745,copied
3D_PI,145,3D_PI_145.npz,126857,copied
3D_PI,146,3D_PI_146.npz,124418,copied
3D_PI,147,3D_PI_147.npz,134774,copied
3D_PI,148,3D_PI_148.npz,135091,copied
3D_PI,149,3D_PI_149.npz,121371,copied
3D_PI,150,3D_PI_150.npz,134961,copied
3D_PI,151,3D_PI_151.npz,134369,copied
3D_PI,152,3D_PI_152.npz,134562,copied
3D_PI,153,3D_PI_153.npz,135015,copied
3D_PI,154,3D_PI_154.npz,134799,copied
3D_PI,155,3D_PI_155.npz,134999,copied
3D_PI,156,3D_PI_156.npz,133484,copied
3D_PI,157,3D_PI_157.npz,123058,copied
3D_PI,158,3D_PI_158.npz,134799,copied
3D_PI,159,3D_PI_159.npz,134479,copied
3D_PI,160,3D_PI_160.npz,134894,copied
3D_PI,161,3D_PI_161.npz,134811,copied
3D_PI,162,3D_PI_162.npz,135025,copied
3D_PI,163,3D_PI_163.npz,134159,copied
3D_PI,164,3D_PI_164.npz,134617,copied
3D_PI,165,3D_PI_165.npz,134154,copied
3D_PI,166,3D_PI_166.npz,134905,copied
3D_PI,167,3D_PI_167.npz,135032,copied
3D_PI,168,3D_PI_168.npz,134881,copied
3D_PI,169,3D_PI_169.npz,134989,copied
3D_PI,170,3D_PI_170.npz,135043,copied
3D_PI,171,3D_PI_171.npz,134793,copied
3D_PI,172,3D_PI_172.npz,133974,copied
3D_PI,173,3D_PI_173.npz,134909,copied
3D_PI,174,3D_PI_174.npz,134137,copied
3D_PI,175,3D_PI_175.npz,134981,copied
3D_PI,176,3D_PI_176.npz,134923,copied
3D_PI,177,3D_PI_177.npz,134726,copied
3D_PI,178,3D_PI_178.npz,135018,copied
3D_PI,179,3D_PI_179.npz,124152,copied
3D_PI,180,3D_PI_180.npz,134912,copied
3D_PI,181,3D_PI_181.npz,134304,copied
3D_PI,182,3D_PI_182.npz,134839,copied
3D_PI,183,3D_PI_183.npz,134933,copied
3D_PI,184,3D_PI_184.npz,135003,copied
3D_PI,185,3D_PI_185.npz,113336,copied
3D_PI,186,3D_PI_186.npz,134936,copied
3D_PI,187,3D_PI_187.npz,133874,copied
3D_PI,188,3D_PI_188.npz,134201,copied
3D_PI,189,3D_PI_189.npz,134111,copied
3D_PI,190,3D_PI_190.npz,134971,copied
3D_PI,191,3D_PI_191.npz,134996,copied
3D_PI,192,3D_PI_192.npz,134932,copied
3D_PI,193,3D_PI_193.npz,134563,copied
3D_PI,194,3D_PI_194.npz,131804,copied
3D_PI,195,3D_PI_195.npz,128143,copied
3D_PI,196,3D_PI_196.npz,131891,copied
3D_PI,197,3D_PI_197.npz,129358,copied
3D_PI,198,3D_PI_198.npz,132364,copied
3D_PI,199,3D_PI_199.npz,118452,copied
3D_PI,200,3D_PI_200.npz,105881,copied
3D_PI,201,3D_PI_201.npz,134693,copied
3D_PI,202,3D_PI_202.npz,116892,copied
3D_PI,203,3D_PI_203.npz,133413,copied
3D_PI,204,3D_PI_204.npz,134407,copied
3D_PI,205,3D_PI_205.npz,134104,copied
3D_PI,206,3D_PI_206.npz,120044,copied
3D_PI,207,3D_PI_207.npz,134362,copied
3D_PI,208,3D_PI_208.npz,130483,copied
3D_PI,209,3D_PI_209.npz,135046,copied
3D_PI,210,3D_PI_210.npz,134235,copied
3D_PI,211,3D_PI_211.npz,134334,copied
3D_PI,212,3D_PI_212.npz,134907,copied
3D_PI,213,3D_PI_213.npz,121859,copied
3D_PI,214,3D_PI_214.npz,134248,copied
3D_PI,215,3D_PI_215.npz,131848,copied
3D_PI,216,3D_PI_216.npz,133428,copied
3D_PI,217,3D_PI_217.npz,135027,copied
3D_PI,218,3D_PI_218.npz,134979,copied
3D_PI,219,3D_PI_219.npz,125137,copied
3D_PI,220,3D_PI_220.npz,125625,copied
3D_PI,221,3D_PI_221.npz,134124,copied
3D_PI,222,3D_PI_222.npz,135111,copied
3D_PI,223,3D_PI_223.npz,133978,copied
3D_PI,224,3D_PI_224.npz,134461,copied
3D_PI,225,3D_PI_225.npz,134368,copied
3D_PI,226,3D_PI_226.npz,133149,copied
3D_PI,227,3D_PI_227.npz,134949,copied
3D_PI,228,3D_PI_228.npz,135030,copied
3D_PI,229,3D_PI_229.npz,134939,copied
3D_PI,230,3D_PI_230.npz,134167,copied
3D_PI,231,3D_PI_231.npz,134432,copied
3D_PI,232,3D_PI_232.npz,134754,copied
3D_PI,233,3D_PI_233.npz,123487,copied
3D_PI,234,3D_PI_234.npz,135123,copied
3D_PI,235,3D_PI_235.npz,134234,copied
3D_PI,236,3D_PI_236.npz,125618,copied
3D_PI,237,3D_PI_237.npz,134907,copied
3D_PI,238,3D_PI_238.npz,133824,copied
3D_PI,239,3D_PI_239.npz,134729,copied
3D_PI,240,3D_PI_240.npz,134878,copied
3D_PI,241,3D_PI_241.npz,134230,copied
3D_PI,242,3D_PI_242.npz,135064,copied
3D_PI,243,3D_PI_243.npz,135079,copied
3D_PI,244,3D_PI_244.npz,134095,copied
3D_PI,245,3D_PI_245.npz,134855,copied
3D_PI,246,3D_PI_246.npz,134954,copied
3D_PI,247,3D_PI_247.npz,133893,copied
3D_PI,248,3D_PI_248.npz,134890,copied
3D_PI,249,3D_PI_249.npz,134939,copied
3D_PI,250,3D_PI_250.npz,134877,copied
3D_PI,251,3D_PI_251.npz,134581,copied
3D_PI,252,3D_PI_252.npz,133779,copied
3D_PI,253,3D_PI_253.npz,133904,copied
3D_PI,254,3D_PI_254.npz,134924,copied
3D_PI,255,3D_PI_255.npz,134937,copied
3D_PI,256,3D_PI_256.npz,134944,copied
3D_PI,257,3D_PI_257.npz,133959,copied
3D_PI,258,3D_PI_258.npz,134671,copied
3D_PI,259,3D_PI_259.npz,128895,copied
3D_PI,260,3D_PI_260.npz,134141,copied
3D_PI,261,3D_PI_261.npz,131159,copied
3D_PI,262,3D_PI_262.npz,126784,copied
3D_PI,263,3D_PI_263.npz,107821,copied
3D_PI,264,3D_PI_264.npz,131961,copied
3D_PI,265,3D_PI_265.npz,121737,copied
3D_PI,266,3D_PI_266.npz,123850,copied
3D_PI,267,3D_PI_267.npz,134721,copied
3D_PI,268,3D_PI_268.npz,132519,copied
3D_PI,269,3D_PI_269.npz,130146,copied
3D_PI,270,3D_PI_270.npz,134869,copied
3D_PI,271,3D_PI_271.npz,134606,copied
3D_PI,272,3D_PI_272.npz,121999,copied
3D_PI,273,3D_PI_273.npz,135050,copied
3D_PI,274,3D_PI_274.npz,134458,copied
3D_PI,275,3D_PI_275.npz,122330,copied
3D_PI,276,3D_PI_276.npz,122217,copied
3D_PI,277,3D_PI_277.npz,122924,copied
3D_PI,278,3D_PI_278.npz,135137,copied
3D_PI,279,3D_PI_279.npz,135047,copied
3D_PI,280,3D_PI_280.npz,134629,copied
3D_PI,281,3D_PI_281.npz,135121,copied
3D_PI,282,3D_PI_282.npz,134719,copied
3D_PI,283,3D_PI_283.npz,121418,copied
3D_PI,284,3D_PI_284.npz,134524,copied
3D_PI,285,3D_PI_285.npz,134674,copied
3D_PI,286,3D_PI_286.npz,134701,copied
3D_PI,287,3D_PI_287.npz,133897,copied
3D_PI,288,3D_PI_288.npz,134822,copied
3D_PI,289,3D_PI_289.npz,134972,copied
3D_PI,290,3D_PI_290.npz,124393,copied
3D_PI,291,3D_PI_291.npz,134066,copied
3D_PI,292,3D_PI_292.npz,125989,copied
3D_PI,293,3D_PI_293.npz,134759,copied
3D_PI,294,3D_PI_294.npz,134020,copied
3D_PI,295,3D_PI_295.npz,133357,copied
3D_PI,296,3D_PI_296.npz,134733,copied
3D_PI,297,3D_PI_297.npz,134956,copied
3D_PI,298,3D_PI_298.npz,135046,copied
3D_PI,299,3D_PI_299.npz,134606,copied
3D_PI,300,3D_PI_300.npz,135089,copied
3D_PI,301,3D_PI_301.npz,134490,copied
3D_PI,302,3D_PI_302.npz,134927,copied
3D_PI,303,3D_PI_303.npz,134871,copied
3D_PI,304,3D_PI_304.npz,134817,copied
3D_PI,305,3D_PI_305.npz,134900,copied
3D_PI,306,3D_PI_306.npz,134126,copied
3D_PI,307,3D_PI_307.npz,135079,copied
3D_PI,308,3D_PI_308.npz,134219,copied
3D_PI,309,3D_PI_309.npz,134118,copied
3D_PI,310,3D_PI_310.npz,134890,copied
3D_PI,311,3D_PI_311.npz,134934,copied
3D_PI,312,3D_PI_312.npz,134882,copied
3D_PI,313,3D_PI_313.npz,135040,copied
3D_PI,314,3D_PI_314.npz,134770,copied
3D_PI,315,3D_PI_315.npz,134973,copied
3D_PI,316,3D_PI_316.npz,124469,copied
3D_PI,317,3D_PI_317.npz,134947,copied
3D_PI,318,3D_PI_318.npz,134896,copied
3D_PI,319,3D_PI_319.npz,133864,copied
3D_PI,320,3D_PI_320.npz,134897,copied
3D_PI,321,3D_PI_321.npz,114066,copied
3D_PI,322,3D_PI_322.npz,133738,copied
3D_PI,323,3D_PI_323.npz,112414,copied
3D_PI,324,3D_PI_324.npz,133449,copied
3D_PI,325,3D_PI_325.npz,109337,copied
3D_PI,326,3D_PI_326.npz,129643,copied
3D_PI,327,3D_PI_327.npz,134308,copied
3D_PI,328,3D_PI_328.npz,127209,copied
3D_PI,329,3D_PI_329.npz,132838,copied
3D_PI,330,3D_PI_330.npz,112865,copied
3D_PI,331,3D_PI_331.npz,133557,copied
3D_PI,332,3D_PI_332.npz,132318,copied
3D_PI,333,3D_PI_333.npz,131776,copied
3D_PI,334,3D_PI_334.npz,132031,copied
3D_PI,335,3D_PI_335.npz,134593,copied
3D_PI,336,3D_PI_336.npz,123234,copied
3D_PI,337,3D_PI_337.npz,135037,copied
3D_PI,338,3D_PI_338.npz,125303,copied
3D_PI,339,3D_PI_339.npz,123528,copied
3D_PI,340,3D_PI_340.npz,122027,copied
3D_PI,341,3D_PI_341.npz,134958,copied
3D_PI,342,3D_PI_342.npz,122180,copied
3D_PI,343,3D_PI_343.npz,134473,copied
3D_PI,344,3D_PI_344.npz,134595,copied
3D_PI,345,3D_PI_345.npz,135043,copied
3D_PI,346,3D_PI_346.npz,124236,copied
3D_PI,347,3D_PI_347.npz,124057,copied
3D_PI,348,3D_PI_348.npz,122913,copied
3D_PI,349,3D_PI_349.npz,134100,copied
3D_PI,350,3D_PI_350.npz,134760,copied
3D_PI,351,3D_PI_351.npz,134651,copied
3D_PI,352,3D_PI_352.npz,134698,copied
3D_PI,353,3D_PI_353.npz,134988,copied
3D_PI,354,3D_PI_354.npz,123519,copied
3D_PI,355,3D_PI_355.npz,134903,copied
3D_PI,356,3D_PI_356.npz,134081,copied
3D_PI,357,3D_PI_357.npz,133923,copied
3D_PI,358,3D_PI_358.npz,134716,copied
3D_PI,359,3D_PI_359.npz,134091,copied
3D_PI,360,3D_PI_360.npz,134672,copied
3D_PI,361,3D_PI_361.npz,124109,copied
3D_PI,362,3D_PI_362.npz,134986,copied
3D_PI,363,3D_PI_363.npz,135012,copied
3D_PI,364,3D_PI_364.npz,134897,copied
3D_PI,365,3D_PI_365.npz,134891,copied
3D_PI,366,3D_PI_366.npz,134100,copied
3D_PI,367,3D_PI_367.npz,134719,copied
3D_PI,368,3D_PI_368.npz,134697,copied
3D_PI,369,3D_PI_369.npz,134272,copied
3D_PI,370,3D_PI_370.npz,133989,copied
3D_PI,371,3D_PI_371.npz,135014,copied
3D_PI,372,3D_PI_372.npz,134789,copied
3D_PI,373,3D_PI_373.npz,134924,copied
3D_PI,374,3D_PI_374.npz,134920,copied
3D_PI,375,3D_PI_375.npz,134911,copied
3D_PI,376,3D_PI_376.npz,134801,copied
3D_PI,377,3D_PI_377.npz,134964,copied
3D_PI,378,3D_PI_378.npz,134894,copied
3D_PI,379,3D_PI_379.npz,134799,copied
3D_PI,380,3D_PI_380.npz,134950,copied
3D_PI,381,3D_PI_381.npz,134778,copied
3D_PI,382,3D_PI_382.npz,134928,copied
3D_PI,383,3D_PI_383.npz,134115,copied
3D_PI,384,3D_PI_384.npz,135005,copied
3D_PI,385,3D_PI_385.npz,134170,copied
3D_PI,386,3D_PI_386.npz,134732,copied
3D_PI,387,3D_PI_387.npz,134480,copied
3D_PI,388,3D_PI_388.npz,113761,copied
3D_PI,389,3D_PI_389.npz,99355,copied
3D_PI,390,3D_PI_390.npz,106982,copied
3D_PI,391,3D_PI_391.npz,121510,copied
3D_PI,392,3D_PI_392.npz,92604,copied
3D_PI,393,3D_PI_393.npz,112700,copied
3D_PI,394,3D_PI_394.npz,118909,copied
3D_PI,395,3D_PI_395.npz,131707,copied
3D_PI,396,3D_PI_396.npz,133265,copied
3D_PI,397,3D_PI_397.npz,133110,copied
3D_PI,398,3D_PI_398.npz,134414,copied
3D_PI,399,3D_PI_399.npz,134576,copied
3D_PI,400,3D_PI_400.npz,133249,copied
3D_PI,401,3D_PI_401.npz,134781,copied
3D_PI,402,3D_PI_402.npz,117670,copied
3D_PI,403,3D_PI_403.npz,134108,copied
3D_PI,404,3D_PI_404.npz,133889,copied
3D_PI,405,3D_PI_405.npz,134692,copied
3D_PI,406,3D_PI_406.npz,134621,copied
3D_PI,407,3D_PI_407.npz,134865,copied
3D_PI,408,3D_PI_408.npz,134746,copied
3D_PI,409,3D_PI_409.npz,134884,copied
3D_PI,410,3D_PI_410.npz,134895,copied
3D_PI,411,3D_PI_411.npz,125957,copied
3D_PI,412,3D_PI_412.npz,134578,copied
3D_PI,413,3D_PI_413.npz,122900,copied
3D_PI,414,3D_PI_414.npz,134886,copied
3D_PI,415,3D_PI_415.npz,133943,copied
3D_PI,416,3D_PI_416.npz,133854,copied
3D_PI,417,3D_PI_417.npz,135094,copied
3D_PI,418,3D_PI_418.npz,134762,copied
3D_PI,419,3D_PI_419.npz,134280,copied
3D_PI,420,3D_PI_420.npz,133909,copied
3D_PI,421,3D_PI_421.npz,134628,copied
3D_PI,422,3D_PI_422.npz,134729,copied
3D_PI,423,3D_PI_423.npz,134715,copied
3D_PI,424,3D_PI_424.npz,134693,copied
3D_PI,425,3D_PI_425.npz,134234,copied
3D_PI,426,3D_PI_426.npz,134276,copied
3D_PI,427,3D_PI_427.npz,134310,copied
3D_PI,428,3D_PI_428.npz,134190,copied
3D_PI,429,3D_PI_429.npz,134848,copied
3D_PI,430,3D_PI_430.npz,134753,copied
3D_PI,431,3D_PI_431.npz,134733,copied
3D_PI,432,3D_PI_432.npz,134696,copied
3D_PI,433,3D_PI_433.npz,135001,copied
3D_PI,434,3D_PI_434.npz,134891,copied
3D_PI,435,3D_PI_435.npz,124792,copied
3D_PI,436,3D_PI_436.npz,122013,copied
3D_PI,437,3D_PI_437.npz,134823,copied
3D_PI,438,3D_PI_438.npz,134910,copied
3D_PI,439,3D_PI_439.npz,134817,copied
3D_PI,440,3D_PI_440.npz,134832,copied
3D_PI,441,3D_PI_441.npz,135005,copied
3D_PI,442,3D_PI_442.npz,134935,copied
3D_PI,443,3D_PI_443.npz,134955,copied
3D_PI,444,3D_PI_444.npz,134935,copied
3D_PI,445,3D_PI_445.npz,134930,copied
3D_PI,446,3D_PI_446.npz,134954,copied
3D_PI,447,3D_PI_447.npz,134938,copied
3D_PI,448,3D_PI_448.npz,134888,copied
3D_PI,449,3D_PI_449.npz,133582,copied
3D_PI,450,3D_PI_450.npz,133585,copied
3D_PI,451,3D_PI_451.npz,131986,copied
3D_PI,452,3D_PI_452.npz,92307,copied
3D_PI,453,3D_PI_453.npz,134999,copied
3D_PI,454,3D_PI_454.npz,133445,copied
3D_PI,455,3D_PI_455.npz,121975,copied
3D_PI,456,3D_PI_456.npz,134836,copied
3D_PI,457,3D_PI_457.npz,120726,copied
3D_PI,458,3D_PI_458.npz,119019,copied
3D_PI,459,3D_PI_459.npz,101129,copied
3D_PI,460,3D_PI_460.npz,133869,copied
3D_PI,461,3D_PI_461.npz,130737,copied
3D_PI,462,3D_PI_462.npz,127599,copied
3D_PI,463,3D_PI_463.npz,130339,copied
3D_PI,464,3D_PI_464.npz,134918,copied
3D_PI,465,3D_PI_465.npz,120536,copied
3D_PI,466,3D_PI_466.npz,119597,copied
3D_PI,467,3D_PI_467.npz,133989,copied
3D_PI,468,3D_PI_468.npz,134539,copied
3D_PI,469,3D_PI_469.npz,135098,copied
3D_PI,470,3D_PI_470.npz,134961,copied
3D_PI,471,3D_PI_471.npz,119487,copied
3D_PI,472,3D_PI_472.npz,134628,copied
3D_PI,473,3D_PI_473.npz,134930,copied
3D_PI,474,3D_PI_474.npz,123895,copied
3D_PI,475,3D_PI_475.npz,133969,copied
3D_PI,476,3D_PI_476.npz,134389,copied
3D_PI,477,3D_PI_477.npz,134668,copied
3D_PI,478,3D_PI_478.npz,134628,copied
3D_PI,479,3D_PI_479.npz,134655,copied
3D_PI,480,3D_PI_480.npz,134650,copied
3D_PI,481,3D_PI_481.npz,134970,copied
3D_PI,482,3D_PI_482.npz,118933,copied
3D_PI,483,3D_PI_483.npz,134898,copied
3D_PI,484,3D_PI_484.npz,123029,copied
3D_PI,485,3D_PI_485.npz,134721,copied
3D_PI,486,3D_PI_486.npz,134683,copied
3D_PI,487,3D_PI_487.npz,134706,copied
3D_PI,488,3D_PI_488.npz,134699,copied
3D_PI,489,3D_PI_489.npz,134943,copied
3D_PI,490,3D_PI_490.npz,134191,copied
3D_PI,491,3D_PI_491.npz,134258,copied
3D_PI,492,3D_PI_492.npz,134860,copied
3D_PI,493,3D_PI_493.npz,134751,copied
3D_PI,494,3D_PI_494.npz,134669,copied
3D_PI,495,3D_PI_495.npz,134697,copied
3D_PI,496,3D_PI_496.npz,134713,copied
3D_PI,497,3D_PI_497.npz,134983,copied
3D_PI,498,3D_PI_498.npz,132896,copied
3D_PI,499,3D_PI_499.npz,134119,copied
3D_PI,500,3D_PI_500.npz,134893,copied
3D_PI,501,3D_PI_501.npz,134929,copied
3D_PI,502,3D_PI_502.npz,134835,copied
3D_PI,503,3D_PI_503.npz,134696,copied
3D_PI,504,3D_PI_504.npz,134740,copied
3D_PI,505,3D_PI_505.npz,135053,copied
3D_PI,506,3D_PI_506.npz,134976,copied
3D_PI,507,3D_PI_507.npz,134935,copied
3D_PI,508,3D_PI_508.npz,134966,copied
3D_PI,509,3D_PI_509.npz,134846,copied
3D_PI,510,3D_PI_510.npz,134951,copied
3D_PI,511,3D_PI_511.npz,134866,copied
3D_PI,512,3D_PI_512.npz,134875,copied
Ord_PI,1,Ord_PI_1.npz,40520,copied
Ord_PI,2,Ord_PI_2.npz,35546,copied
Ord_PI,3,Ord_PI_3.npz,21763,copied
Ord_PI,4,Ord_PI_4.npz,22090,copied
Ord_PI,5,Ord_PI_5.npz,37749,copied
Ord_PI,6,Ord_PI_6.npz,23640,copied
Ord_PI,7,Ord_PI_7.npz,21948,copied
Ord_PI,8,Ord_PI_8.npz,38254,copied
Ord_PI,9,Ord_PI_9.npz,32639,copied
Ord_PI,10,Ord_PI_10.npz,35720,copied
Ord_PI,11,Ord_PI_11.npz,23811,copied
Ord_PI,12,Ord_PI_12.npz,32866,copied
Ord_PI,13,Ord_PI_13.npz,38192,copied
Ord_PI,14,Ord_PI_14.npz,37904,copied
Ord_PI,15,Ord_PI_15.npz,32222,copied
Ord_PI,16,Ord_PI_16.npz,32003,copied
Ord_PI,17,Ord_PI_17.npz,38525,copied
Ord_PI,18,Ord_PI_18.npz,13336,copied
Ord_PI,19,Ord_PI_19.npz,32734,copied
Ord_PI,20,Ord_PI_20.npz,15437,copied
Ord_PI,21,Ord_PI_21.npz,13492,copied
Ord_PI,22,Ord_PI_22.npz,24556,copied
Ord_PI,23,Ord_PI_23.npz,29195,copied
Ord_PI,24,Ord_PI_24.npz,13576,copied
Ord_PI,25,Ord_PI_25.npz,34033,copied
Ord_PI,26,Ord_PI_26.npz,12621,copied
Ord_PI,27,Ord_PI_27.npz,34294,copied
Ord_PI,28,Ord_PI_28.npz,28118,copied
Ord_PI,29,Ord_PI_29.npz,30625,copied
Ord_PI,30,Ord_PI_30.npz,36242,copied
Ord_PI,31,Ord_PI_31.npz,39171,copied
Ord_PI,32,Ord_PI_32.npz,11852,copied
Ord_PI,33,Ord_PI_33.npz,13294,copied
Ord_PI,34,Ord_PI_34.npz,12360,copied
Ord_PI,35,Ord_PI_35.npz,13939,copied
Ord_PI,36,Ord_PI_36.npz,15536,copied
Ord_PI,37,Ord_PI_37.npz,19629,copied
Ord_PI,38,Ord_PI_38.npz,11881,copied
Ord_PI,39,Ord_PI_39.npz,19639,copied
Ord_PI,40,Ord_PI_40.npz,13036,copied
Ord_PI,41,Ord_PI_41.npz,9614,copied
Ord_PI,42,Ord_PI_42.npz,9448,copied
Ord_PI,43,Ord_PI_43.npz,13733,copied
Ord_PI,44,Ord_PI_44.npz,12677,copied
Ord_PI,45,Ord_PI_45.npz,12286,copied
Ord_PI,46,Ord_PI_46.npz,12851,copied
Ord_PI,47,Ord_PI_47.npz,12602,copied
Ord_PI,48,Ord_PI_48.npz,33830,copied
Ord_PI,49,Ord_PI_49.npz,30567,copied
Ord_PI,50,Ord_PI_50.npz,9727,copied
Ord_PI,51,Ord_PI_51.npz,13048,copied
Ord_PI,52,Ord_PI_52.npz,12802,copied
Ord_PI,53,Ord_PI_53.npz,13108,copied
Ord_PI,54,Ord_PI_54.npz,12734,copied
Ord_PI,55,Ord_PI_55.npz,13069,copied
Ord_PI,56,Ord_PI_56.npz,12809,copied
Ord_PI,57,Ord_PI_57.npz,22646,copied
Ord_PI,58,Ord_PI_58.npz,9599,copied
Ord_PI,59,Ord_PI_59.npz,13183,copied
Ord_PI,60,Ord_PI_60.npz,20319,copied
Ord_PI,61,Ord_PI_61.npz,12793,copied
Ord_PI,62,Ord_PI_62.npz,13353,copied
Ord_PI,63,Ord_PI_63.npz,12643,copied
Ord_PI,64,Ord_PI_64.npz,13240,copied
Ord_PI,65,Ord_PI_65.npz,38393,copied
Ord_PI,66,Ord_PI_66.npz,33063,copied
Ord_PI,67,Ord_PI_67.npz,23183,copied
Ord_PI,68,Ord_PI_68.npz,23548,copied
Ord_PI,69,Ord_PI_69.npz,37724,copied
Ord_PI,70,Ord_PI_70.npz,22969,copied
Ord_PI,71,Ord_PI_71.npz,24208,copied
Ord_PI,72,Ord_PI_72.npz,24095,copied
Ord_PI,73,Ord_PI_73.npz,35511,copied
Ord_PI,74,Ord_PI_74.npz,35376,copied
Ord_PI,75,Ord_PI_75.npz,37414,copied
Ord_PI,76,Ord_PI_76.npz,35938,copied
Ord_PI,77,Ord_PI_77.npz,31239,copied
Ord_PI,78,Ord_PI_78.npz,22107,copied
Ord_PI,79,Ord_PI_79.npz,24006,copied
Ord_PI,80,Ord_PI_80.npz,35310,copied
Ord_PI,81,Ord_PI_81.npz,32131,copied
Ord_PI,82,Ord_PI_82.npz,35839,copied
Ord_PI,83,Ord_PI_83.npz,34788,copied
Ord_PI,84,Ord_PI_84.npz,12921,copied
Ord_PI,85,Ord_PI_85.npz,41557,copied
Ord_PI,86,Ord_PI_86.npz,18201,copied
Ord_PI,87,Ord_PI_87.npz,20116,copied
Ord_PI,88,Ord_PI_88.npz,33375,copied
Ord_PI,89,Ord_PI_89.npz,23102,copied
Ord_PI,90,Ord_PI_90.npz,13502,copied
Ord_PI,91,Ord_PI_91.npz,39441,copied
Ord_PI,92,Ord_PI_92.npz,12668,copied
Ord_PI,93,Ord_PI_93.npz,19656,copied
Ord_PI,94,Ord_PI_94.npz,28745,copied
Ord_PI,95,Ord_PI_95.npz,15932,copied
Ord_PI,96,Ord_PI_96.npz,12620,copied
Ord_PI,97,Ord_PI_97.npz,9559,copied
Ord_PI,98,Ord_PI_98.npz,7744,copied
Ord_PI,99,Ord_PI_99.npz,25904,copied
Ord_PI,100,Ord_PI_100.npz,12487,copied
Ord_PI,101,Ord_PI_101.npz,19773,copied
Ord_PI,102,Ord_PI_102.npz,15223,copied
Ord_PI,103,Ord_PI_103.npz,11079,copied
Ord_PI,104,Ord_PI_104.npz,13545,copied
Ord_PI,105,Ord_PI_105.npz,9674,copied
Ord_PI,106,Ord_PI_106.npz,33585,copied
Ord_PI,107,Ord_PI_107.npz,13484,copied
Ord_PI,108,Ord_PI_108.npz,27548,copied
Ord_PI,109,Ord_PI_109.npz,12640,copied
Ord_PI,110,Ord_PI_110.npz,12300,copied
Ord_PI,111,Ord_PI_111.npz,11615,copied
Ord_PI,112,Ord_PI_112.npz,11771,copied
Ord_PI,113,Ord_PI_113.npz,9744,copied
Ord_PI,114,Ord_PI_114.npz,24396,copied
Ord_PI,115,Ord_PI_115.npz,12332,copied
Ord_PI,116,Ord_PI_116.npz,12485,copied
Ord_PI,117,Ord_PI_117.npz,12626,copied
Ord_PI,118,Ord_PI_118.npz,12632,copied
Ord_PI,119,Ord_PI_119.npz,13084,copied
Ord_PI,120,Ord_PI_120.npz,12267,copied
Ord_PI,121,Ord_PI_121.npz,9078,copied
Ord_PI,122,Ord_PI_122.npz,22966,copied
Ord_PI,123,Ord_PI_123.npz,12861,copied
Ord_PI,124,Ord_PI_124.npz,12252,copied
Ord_PI,125,Ord_PI_125.npz,13008,copied
Ord_PI,126,Ord_PI_126.npz,12869,copied
Ord_PI,127,Ord_PI_127.npz,12868,copied
Ord_PI,128,Ord_PI_128.npz,12383,copied
Ord_PI,129,Ord_PI_129.npz,34775,copied
Ord_PI,130,Ord_PI_130.npz,24919,copied
Ord_PI,131,Ord_PI_131.npz,11836,copied
Ord_PI,132,Ord_PI_132.npz,30548,copied
Ord_PI,133,Ord_PI_133.npz,40478,copied
Ord_PI,134,Ord_PI_134.npz,36274,copied
Ord_PI,135,Ord_PI_135.npz,10475,copied
Ord_PI,136,Ord_PI_136.npz,25163,copied
Ord_PI,137,Ord_PI_137.npz,34108,copied
Ord_PI,138,Ord_PI_138.npz,21123,copied
Ord_PI,139,Ord_PI_139.npz,21975,copied
Ord_PI,140,Ord_PI_140.npz,10762,copied
Ord_PI,141,Ord_PI_141.npz,27530,copied
Ord_PI,142,Ord_PI_142.npz,24875,copied
Ord_PI,143,Ord_PI_143.npz,28597,copied
Ord_PI,144,Ord_PI_144.npz,10904,copied
Ord_PI,145,Ord_PI_145.npz,39316,copied
Ord_PI,146,Ord_PI_146.npz,37373,copied
Ord_PI,147,Ord_PI_147.npz,12068,copied
Ord_PI,148,Ord_PI_148.npz,24124,copied
Ord_PI,149,Ord_PI_149.npz,38306,copied
Ord_PI,150,Ord_PI_150.npz,32284,copied
Ord_PI,151,Ord_PI_151.npz,21419,copied
Ord_PI,152,Ord_PI_152.npz,10810,copied
Ord_PI,153,Ord_PI_153.npz,22369,copied
Ord_PI,154,Ord_PI_154.npz,13353,copied
Ord_PI,155,Ord_PI_155.npz,33397,copied
Ord_PI,156,Ord_PI_156.npz,34035,copied
Ord_PI,157,Ord_PI_157.npz,41745,copied
Ord_PI,158,Ord_PI_158.npz,16464,copied
Ord_PI,159,Ord_PI_159.npz,11652,copied
Ord_PI,160,Ord_PI_160.npz,11666,copied
Ord_PI,161,Ord_PI_161.npz,13208,copied
Ord_PI,162,Ord_PI_162.npz,12916,copied
Ord_PI,163,Ord_PI_163.npz,13627,copied
Ord_PI,164,Ord_PI_164.npz,22722,copied
Ord_PI,165,Ord_PI_165.npz,13120,copied
Ord_PI,166,Ord_PI_166.npz,12125,copied
Ord_PI,167,Ord_PI_167.npz,15788,copied
Ord_PI,168,Ord_PI_168.npz,11780,copied
Ord_PI,169,Ord_PI_169.npz,12718,copied
Ord_PI,170,Ord_PI_170.npz,20932,copied
Ord_PI,171,Ord_PI_171.npz,13527,copied
Ord_PI,172,Ord_PI_172.npz,19945,copied
Ord_PI,173,Ord_PI_173.npz,13090,copied
Ord_PI,174,Ord_PI_174.npz,17186,copied
Ord_PI,175,Ord_PI_175.npz,15137,copied
Ord_PI,176,Ord_PI_176.npz,11642,copied
Ord_PI,177,Ord_PI_177.npz,13404,copied
Ord_PI,178,Ord_PI_178.npz,23198,copied
Ord_PI,179,Ord_PI_179.npz,32313,copied
Ord_PI,180,Ord_PI_180.npz,12042,copied
Ord_PI,181,Ord_PI_181.npz,20908,copied
Ord_PI,182,Ord_PI_182.npz,12289,copied
Ord_PI,183,Ord_PI_183.npz,12080,copied
Ord_PI,184,Ord_PI_184.npz,14938,copied
Ord_PI,185,Ord_PI_185.npz,9119,copied
Ord_PI,186,Ord_PI_186.npz,12667,copied
Ord_PI,187,Ord_PI_187.npz,11564,copied
Ord_PI,188,Ord_PI_188.npz,13148,copied
Ord_PI,189,Ord_PI_189.npz,13177,copied
Ord_PI,190,Ord_PI_190.npz,12038,copied
Ord_PI,191,Ord_PI_191.npz,13628,copied
Ord_PI,192,Ord_PI_192.npz,12093,copied
Ord_PI,193,Ord_PI_193.npz,26469,copied
Ord_PI,194,Ord_PI_194.npz,22081,copied
Ord_PI,195,Ord_PI_195.npz,28357,copied
Ord_PI,196,Ord_PI_196.npz,25469,copied
Ord_PI,197,Ord_PI_197.npz,25008,copied
Ord_PI,198,Ord_PI_198.npz,10492,copied
Ord_PI,199,Ord_PI_199.npz,14283,copied
Ord_PI,200,Ord_PI_200.npz,19839,copied
Ord_PI,201,Ord_PI_201.npz,22670,copied
Ord_PI,202,Ord_PI_202.npz,23920,copied
Ord_PI,203,Ord_PI_203.npz,11127,copied
Ord_PI,204,Ord_PI_204.npz,39236,copied
Ord_PI,205,Ord_PI_205.npz,13741,copied
Ord_PI,206,Ord_PI_206.npz,14823,copied
Ord_PI,207,Ord_PI_207.npz,10240,copied
Ord_PI,208,Ord_PI_208.npz,22448,copied
Ord_PI,209,Ord_PI_209.npz,40618,copied
Ord_PI,210,Ord_PI_210.npz,22234,copied
Ord_PI,211,Ord_PI_211.npz,34096,copied
Ord_PI,212,Ord_PI_212.npz,20420,copied
Ord_PI,213,Ord_PI_213.npz,15801,copied
Ord_PI,214,Ord_PI_214.npz,17512,copied
Ord_PI,215,Ord_PI_215.npz,10422,copied
Ord_PI,216,Ord_PI_216.npz,10008,copied
Ord_PI,217,Ord_PI_217.npz,18967,copied
Ord_PI,218,Ord_PI_218.npz,18632,copied
Ord_PI,219,Ord_PI_219.npz,32968,copied
Ord_PI,220,Ord_PI_220.npz,36464,copied
Ord_PI,221,Ord_PI_221.npz,13154,copied
Ord_PI,222,Ord_PI_222.npz,40667,copied
Ord_PI,223,Ord_PI_223.npz,10992,copied
Ord_PI,224,Ord_PI_224.npz,29091,copied
Ord_PI,225,Ord_PI_225.npz,29800,copied
Ord_PI,226,Ord_PI_226.npz,13494,copied
Ord_PI,227,Ord_PI_227.npz,13653,copied
Ord_PI,228,Ord_PI_228.npz,19459,copied
Ord_PI,229,Ord_PI_229.npz,12616,copied
Ord_PI,230,Ord_PI_230.npz,12716,copied
Ord_PI,231,Ord_PI_231.npz,16110,copied
Ord_PI,232,Ord_PI_232.npz,9933,copied
Ord_PI,233,Ord_PI_233.npz,32945,copied
Ord_PI,234,Ord_PI_234.npz,33117,copied
Ord_PI,235,Ord_PI_235.npz,19983,copied
Ord_PI,236,Ord_PI_236.npz,25894,copied
Ord_PI,237,Ord_PI_237.npz,13384,copied
Ord_PI,238,Ord_PI_238.npz,11989,copied
Ord_PI,239,Ord_PI_239.npz,13546,copied
Ord_PI,240,Ord_PI_240.npz,11373,copied
Ord_PI,241,Ord_PI_241.npz,13542,copied
Ord_PI,242,Ord_PI_242.npz,18630,copied
Ord_PI,243,Ord_PI_243.npz,25292,copied
Ord_PI,244,Ord_PI_244.npz,12879,copied
Ord_PI,245,Ord_PI_245.npz,23988,copied
Ord_PI,246,Ord_PI_246.npz,12589,copied
Ord_PI,247,Ord_PI_247.npz,12287,copied
Ord_PI,248,Ord_PI_248.npz,11577,copied
Ord_PI,249,Ord_PI_249.npz,12632,copied
Ord_PI,250,Ord_PI_250.npz,28418,copied
Ord_PI,251,Ord_PI_251.npz,12981,copied
Ord_PI,252,Ord_PI_252.npz,12563,copied
Ord_PI,253,Ord_PI_253.npz,12132,copied
Ord_PI,254,Ord_PI_254.npz,12555,copied
Ord_PI,255,Ord_PI_255.npz,11987,copied
Ord_PI,256,Ord_PI_256.npz,11742,copied
Ord_PI,257,Ord_PI_257.npz,27572,copied
Ord_PI,258,Ord_PI_258.npz,29025,copied
Ord_PI,259,Ord_PI_259.npz,25144,copied
Ord_PI,260,Ord_PI_260.npz,28845,copied
Ord_PI,261,Ord_PI_261.npz,10791,copied
Ord_PI,262,Ord_PI_262.npz,10506,copied
Ord_PI,263,Ord_PI_263.npz,18525,copied
Ord_PI,264,Ord_PI_264.npz,23014,copied
Ord_PI,265,Ord_PI_265.npz,23148,copied
Ord_PI,266,Ord_PI_266.npz,19700,copied
Ord_PI,267,Ord_PI_267.npz,27096,copied
Ord_PI,268,Ord_PI_268.npz,20833,copied
Ord_PI,269,Ord_PI_269.npz,22587,copied
Ord_PI,270,Ord_PI_270.npz,19338,copied
Ord_PI,271,Ord_PI_271.npz,18651,copied
Ord_PI,272,Ord_PI_272.npz,18513,copied
Ord_PI,273,Ord_PI_273.npz,17440,copied
Ord_PI,274,Ord_PI_274.npz,41696,copied
Ord_PI,275,Ord_PI_275.npz,29139,copied
Ord_PI,276,Ord_PI_276.npz,18251,copied
Ord_PI,277,Ord_PI_277.npz,18533,copied
Ord_PI,278,Ord_PI_278.npz,32583,copied
Ord_PI,279,Ord_PI_279.npz,30409,copied
Ord_PI,280,Ord_PI_280.npz,10282,copied
Ord_PI,281,Ord_PI_281.npz,40438,copied
Ord_PI,282,Ord_PI_282.npz,19602,copied
Ord_PI,283,Ord_PI_283.npz,40070,copied
Ord_PI,284,Ord_PI_284.npz,16427,copied
Ord_PI,285,Ord_PI_285.npz,9381,copied
Ord_PI,286,Ord_PI_286.npz,9255,copied
Ord_PI,287,Ord_PI_287.npz,10254,copied
Ord_PI,288,Ord_PI_288.npz,22799,copied
Ord_PI,289,Ord_PI_289.npz,12442,copied
Ord_PI,290,Ord_PI_290.npz,20452,copied
Ord_PI,291,Ord_PI_291.npz,13246,copied
Ord_PI,292,Ord_PI_292.npz,17022,copied
Ord_PI,293,Ord_PI_293.npz,10968,copied
Ord_PI,294,Ord_PI_294.npz,11118,copied
Ord_PI,295,Ord_PI_295.npz,11097,copied
Ord_PI,296,Ord_PI_296.npz,9549,copied
Ord_PI,297,Ord_PI_297.npz,13670,copied
Ord_PI,298,Ord_PI_298.npz,38317,copied
Ord_PI,299,Ord_PI_299.npz,13355,copied
Ord_PI,300,Ord_PI_300.npz,41944,copied
Ord_PI,301,Ord_PI_301.npz,13219,copied
Ord_PI,302,Ord_PI_302.npz,12205,copied
Ord_PI,303,Ord_PI_303.npz,11614,copied
Ord_PI,304,Ord_PI_304.npz,10525,copied
Ord_PI,305,Ord_PI_305.npz,13395,copied
Ord_PI,306,Ord_PI_306.npz,12944,copied
Ord_PI,307,Ord_PI_307.npz,24381,copied
Ord_PI,308,Ord_PI_308.npz,13556,copied
Ord_PI,309,Ord_PI_309.npz,13272,copied
Ord_PI,310,Ord_PI_310.npz,12851,copied
Ord_PI,311,Ord_PI_311.npz,12081,copied
Ord_PI,312,Ord_PI_312.npz,11807,copied
Ord_PI,313,Ord_PI_313.npz,31896,copied
Ord_PI,314,Ord_PI_314.npz,36780,copied
Ord_PI,315,Ord_PI_315.npz,14729,copied
Ord_PI,316,Ord_PI_316.npz,19952,copied
Ord_PI,317,Ord_PI_317.npz,12464,copied
Ord_PI,318,Ord_PI_318.npz,12127,copied
Ord_PI,319,Ord_PI_319.npz,11728,copied
Ord_PI,320,Ord_PI_320.npz,12457,copied
Ord_PI,321,Ord_PI_321.npz,19636,copied
Ord_PI,322,Ord_PI_322.npz,31918,copied
Ord_PI,323,Ord_PI_323.npz,10915,copied
Ord_PI,324,Ord_PI_324.npz,16724,copied
Ord_PI,325,Ord_PI_325.npz,18900,copied
Ord_PI,326,Ord_PI_326.npz,10948,copied
Ord_PI,327,Ord_PI_327.npz,27179,copied
Ord_PI,328,Ord_PI_328.npz,24604,copied
Ord_PI,329,Ord_PI_329.npz,35295,copied
Ord_PI,330,Ord_PI_330.npz,23629,copied
Ord_PI,331,Ord_PI_331.npz,26536,copied
Ord_PI,332,Ord_PI_332.npz,13076,copied
Ord_PI,333,Ord_PI_333.npz,22918,copied
Ord_PI,334,Ord_PI_334.npz,20013,copied
Ord_PI,335,Ord_PI_335.npz,33365,copied
Ord_PI,336,Ord_PI_336.npz,19983,copied
Ord_PI,337,Ord_PI_337.npz,34353,copied
Ord_PI,338,Ord_PI_338.npz,37602,copied
Ord_PI,339,Ord_PI_339.npz,32059,copied
Ord_PI,340,Ord_PI_340.npz,14944,copied
Ord_PI,341,Ord_PI_341.npz,21663,copied
Ord_PI,342,Ord_PI_342.npz,27411,copied
Ord_PI,343,Ord_PI_343.npz,10344,copied
Ord_PI,344,Ord_PI_344.npz,8835,copied
Ord_PI,345,Ord_PI_345.npz,30396,copied
Ord_PI,346,Ord_PI_346.npz,32238,copied
Ord_PI,347,Ord_PI_347.npz,18069,copied
Ord_PI,348,Ord_PI_348.npz,23590,copied
Ord_PI,349,Ord_PI_349.npz,22684,copied
Ord_PI,350,Ord_PI_350.npz,10540,copied
Ord_PI,351,Ord_PI_351.npz,9286,copied
Ord_PI,352,Ord_PI_352.npz,10232,copied
Ord_PI,353,Ord_PI_353.npz,12696,copied
Ord_PI,354,Ord_PI_354.npz,32904,copied
Ord_PI,355,Ord_PI_355.npz,11537,copied
Ord_PI,356,Ord_PI_356.npz,12787,copied
Ord_PI,357,Ord_PI_357.npz,10969,copied
Ord_PI,358,Ord_PI_358.npz,9601,copied
Ord_PI,359,Ord_PI_359.npz,14091,copied
Ord_PI,360,Ord_PI_360.npz,9301,copied
Ord_PI,361,Ord_PI_361.npz,28862,copied
Ord_PI,362,Ord_PI_362.npz,18847,copied
Ord_PI,363,Ord_PI_363.npz,34374,copied
Ord_PI,364,Ord_PI_364.npz,10766,copied
Ord_PI,365,Ord_PI_365.npz,11920,copied
Ord_PI,366,Ord_PI_366.npz,11839,copied
Ord_PI,367,Ord_PI_367.npz,9595,copied
Ord_PI,368,Ord_PI_368.npz,9692,copied
Ord_PI,369,Ord_PI_369.npz,20500,copied
Ord_PI,370,Ord_PI_370.npz,31625,copied
Ord_PI,371,Ord_PI_371.npz,18953,copied
Ord_PI,372,Ord_PI_372.npz,10945,copied
Ord_PI,373,Ord_PI_373.npz,13151,copied
Ord_PI,374,Ord_PI_374.npz,11433,copied
Ord_PI,375,Ord_PI_375.npz,12020,copied
Ord_PI,376,Ord_PI_376.npz,11303,copied
Ord_PI,377,Ord_PI_377.npz,13599,copied
Ord_PI,378,Ord_PI_378.npz,13369,copied
Ord_PI,379,Ord_PI_379.npz,11869,copied
Ord_PI,380,Ord_PI_380.npz,11724,copied
Ord_PI,381,Ord_PI_381.npz,11735,copied
Ord_PI,382,Ord_PI_382.npz,13744,copied
Ord_PI,383,Ord_PI_383.npz,12524,copied
Ord_PI,384,Ord_PI_384.npz,17360,copied
Ord_PI,385,Ord_PI_385.npz,26204,copied
Ord_PI,386,Ord_PI_386.npz,33636,copied
Ord_PI,387,Ord_PI_387.npz,24364,copied
Ord_PI,388,Ord_PI_388.npz,10960,copied
Ord_PI,389,Ord_PI_389.npz,16088,copied
Ord_PI,390,Ord_PI_390.npz,18199,copied
Ord_PI,391,Ord_PI_391.npz,16747,copied
Ord_PI,392,Ord_PI_392.npz,10344,copied
Ord_PI,393,Ord_PI_393.npz,20021,copied
Ord_PI,394,Ord_PI_394.npz,21556,copied
Ord_PI,395,Ord_PI_395.npz,26943,copied
Ord_PI,396,Ord_PI_396.npz,10623,copied
Ord_PI,397,Ord_PI_397.npz,27603,copied
Ord_PI,398,Ord_PI_398.npz,33451,copied
Ord_PI,399,Ord_PI_399.npz,39295,copied
Ord_PI,400,Ord_PI_400.npz,20579,copied
Ord_PI,401,Ord_PI_401.npz,12828,copied
Ord_PI,402,Ord_PI_402.npz,34170,copied
Ord_PI,403,Ord_PI_403.npz,20702,copied
Ord_PI,404,Ord_PI_404.npz,18950,copied
Ord_PI,405,Ord_PI_405.npz,9868,copied
Ord_PI,406,Ord_PI_406.npz,8894,copied
Ord_PI,407,Ord_PI_407.npz,18582,copied
Ord_PI,408,Ord_PI_408.npz,17848,copied
Ord_PI,409,Ord_PI_409.npz,27036,copied
Ord_PI,410,Ord_PI_410.npz,13910,copied
Ord_PI,411,Ord_PI_411.npz,27643,copied
Ord_PI,412,Ord_PI_412.npz,22306,copied
Ord_PI,413,Ord_PI_413.npz,24936,copied
Ord_PI,414,Ord_PI_414.npz,21595,copied
Ord_PI,415,Ord_PI_415.npz,10552,copied
Ord_PI,416,Ord_PI_416.npz,10618,copied
Ord_PI,417,Ord_PI_417.npz,20103,copied
Ord_PI,418,Ord_PI_418.npz,51321,copied
Ord_PI,419,Ord_PI_419.npz,14730,copied
Ord_PI,420,Ord_PI_420.npz,11615,copied
Ord_PI,421,Ord_PI_421.npz,9184,copied
Ord_PI,422,Ord_PI_422.npz,18673,copied
Ord_PI,423,Ord_PI_423.npz,9497,copied
Ord_PI,424,Ord_PI_424.npz,9262,copied
Ord_PI,425,Ord_PI_425.npz,16414,copied
Ord_PI,426,Ord_PI_426.npz,12315,copied
Ord_PI,427,Ord_PI_427.npz,25086,copied
Ord_PI,428,Ord_PI_428.npz,15349,copied
Ord_PI,429,Ord_PI_429.npz,11590,copied
Ord_PI,430,Ord_PI_430.npz,9737,copied
Ord_PI,431,Ord_PI_431.npz,9785,copied
Ord_PI,432,Ord_PI_432.npz,9516,copied
Ord_PI,433,Ord_PI_433.npz,13649,copied
Ord_PI,434,Ord_PI_434.npz,13295,copied
Ord_PI,435,Ord_PI_435.npz,26574,copied
Ord_PI,436,Ord_PI_436.npz,32048,copied
Ord_PI,437,Ord_PI_437.npz,11593,copied
Ord_PI,438,Ord_PI_438.npz,11711,copied
Ord_PI,439,Ord_PI_439.npz,11052,copied
Ord_PI,440,Ord_PI_440.npz,10308,copied
Ord_PI,441,Ord_PI_441.npz,21456,copied
Ord_PI,442,Ord_PI_442.npz,12774,copied
Ord_PI,443,Ord_PI_443.npz,12714,copied
Ord_PI,444,Ord_PI_444.npz,13520,copied
Ord_PI,445,Ord_PI_445.npz,11321,copied
Ord_PI,446,Ord_PI_446.npz,12438,copied
Ord_PI,447,Ord_PI_447.npz,11911,copied
Ord_PI,448,Ord_PI_448.npz,11769,copied
Ord_PI,449,Ord_PI_449.npz,26801,copied
Ord_PI,450,Ord_PI_450.npz,31000,copied
Ord_PI,451,Ord_PI_451.npz,10976,copied
Ord_PI,452,Ord_PI_452.npz,10677,copied
Ord_PI,453,Ord_PI_453.npz,18884,copied
Ord_PI,454,Ord_PI_454.npz,15658,copied
Ord_PI,455,Ord_PI_455.npz,34903,copied
Ord_PI,456,Ord_PI_456.npz,41829,copied
Ord_PI,457,Ord_PI_457.npz,31590,copied
Ord_PI,458,Ord_PI_458.npz,21873,copied
Ord_PI,459,Ord_PI_459.npz,24702,copied
Ord_PI,460,Ord_PI_460.npz,22482,copied
Ord_PI,461,Ord_PI_461.npz,27610,copied
Ord_PI,462,Ord_PI_462.npz,10816,copied
Ord_PI,463,Ord_PI_463.npz,29976,copied
Ord_PI,464,Ord_PI_464.npz,22228,copied
Ord_PI,465,Ord_PI_465.npz,42653,copied
Ord_PI,466,Ord_PI_466.npz,21516,copied
Ord_PI,467,Ord_PI_467.npz,18872,copied
Ord_PI,468,Ord_PI_468.npz,29821,copied
Ord_PI,469,Ord_PI_469.npz,41329,copied
Ord_PI,470,Ord_PI_470.npz,42633,copied
Ord_PI,471,Ord_PI_471.npz,41663,copied
Ord_PI,472,Ord_PI_472.npz,22540,copied
Ord_PI,473,Ord_PI_473.npz,12741,copied
Ord_PI,474,Ord_PI_474.npz,33160,copied
Ord_PI,475,Ord_PI_475.npz,12682,copied
Ord_PI,476,Ord_PI_476.npz,20304,copied
Ord_PI,477,Ord_PI_477.npz,8978,copied
Ord_PI,478,Ord_PI_478.npz,9065,copied
Ord_PI,479,Ord_PI_479.npz,8991,copied
Ord_PI,480,Ord_PI_480.npz,9211,copied
Ord_PI,481,Ord_PI_481.npz,35810,copied
Ord_PI,482,Ord_PI_482.npz,39396,copied
Ord_PI,483,Ord_PI_483.npz,11665,copied
Ord_PI,484,Ord_PI_484.npz,14689,copied
Ord_PI,485,Ord_PI_485.npz,9277,copied
Ord_PI,486,Ord_PI_486.npz,9362,copied
Ord_PI,487,Ord_PI_487.npz,9280,copied
Ord_PI,488,Ord_PI_488.npz,9416,copied
Ord_PI,489,Ord_PI_489.npz,22873,copied
Ord_PI,490,Ord_PI_490.npz,13097,copied
Ord_PI,491,Ord_PI_491.npz,17814,copied
Ord_PI,492,Ord_PI_492.npz,11461,copied
Ord_PI,493,Ord_PI_493.npz,9604,copied
Ord_PI,494,Ord_PI_494.npz,9684,copied
Ord_PI,495,Ord_PI_495.npz,9615,copied
Ord_PI,496,Ord_PI_496.npz,9645,copied
Ord_PI,497,Ord_PI_497.npz,13539,copied
Ord_PI,498,Ord_PI_498.npz,23582,copied
Ord_PI,499,Ord_PI_499.npz,11764,copied
Ord_PI,500,Ord_PI_500.npz,10925,copied
Ord_PI,501,Ord_PI_501.npz,11809,copied
Ord_PI,502,Ord_PI_502.npz,10478,copied
Ord_PI,503,Ord_PI_503.npz,10072,copied
Ord_PI,504,Ord_PI_504.npz,9790,copied
Ord_PI,505,Ord_PI_505.npz,13080,copied
Ord_PI,506,Ord_PI_506.npz,27715,copied
Ord_PI,507,Ord_PI_507.npz,13096,copied
Ord_PI,508,Ord_PI_508.npz,11460,copied
Ord_PI,509,Ord_PI_509.npz,10950,copied
Ord_PI,510,Ord_PI_510.npz,11874,copied
Ord_PI,511,Ord_PI_511.npz,11916,copied
Ord_PI,512,Ord_PI_512.npz,10636,copied
Sixpack_Rips,1,Sixpack_Rips_1.npz,190192,copied
Sixpack_Rips,2,Sixpack_Rips_2.npz,178882,copied
Sixpack_Rips,3,Sixpack_Rips_3.npz,136246,copied
Sixpack_Rips,4,Sixpack_Rips_4.npz,142408,copied
Sixpack_Rips,5,Sixpack_Rips_5.npz,190409,copied
Sixpack_Rips,6,Sixpack_Rips_6.npz,149085,copied
Sixpack_Rips,7,Sixpack_Rips_7.npz,141181,copied
Sixpack_Rips,8,Sixpack_Rips_8.npz,187102,copied
Sixpack_Rips,9,Sixpack_Rips_9.npz,157954,copied
Sixpack_Rips,10,Sixpack_Rips_10.npz,186253,copied
Sixpack_Rips,11,Sixpack_Rips_11.npz,151563,copied
Sixpack_Rips,12,Sixpack_Rips_12.npz,167108,copied
Sixpack_Rips,13,Sixpack_Rips_13.npz,184700,copied
Sixpack_Rips,14,Sixpack_Rips_14.npz,178696,copied
Sixpack_Rips,15,Sixpack_Rips_15.npz,172076,copied
Sixpack_Rips,16,Sixpack_Rips_16.npz,176503,copied
Sixpack_Rips,17,Sixpack_Rips_17.npz,209380,copied
Sixpack_Rips,18,Sixpack_Rips_18.npz,62418,copied
Sixpack_Rips,19,Sixpack_Rips_19.npz,153708,copied
Sixpack_Rips,20,Sixpack_Rips_20.npz,79812,copied
Sixpack_Rips,21,Sixpack_Rips_21.npz,63921,copied
Sixpack_Rips,22,Sixpack_Rips_22.npz,151233,copied
Sixpack_Rips,23,Sixpack_Rips_23.npz,138533,copied
Sixpack_Rips,24,Sixpack_Rips_24.npz,63896,copied
Sixpack_Rips,25,Sixpack_Rips_25.npz,171877,copied
Sixpack_Rips,26,Sixpack_Rips_26.npz,59629,copied
Sixpack_Rips,27,Sixpack_Rips_27.npz,172745,copied
Sixpack_Rips,28,Sixpack_Rips_28.npz,138528,copied
Sixpack_Rips,29,Sixpack_Rips_29.npz,160969,copied
Sixpack_Rips,30,Sixpack_Rips_30.npz,188362,copied
Sixpack_Rips,31,Sixpack_Rips_31.npz,205602,copied
Sixpack_Rips,32,Sixpack_Rips_32.npz,59738,copied
Sixpack_Rips,33,Sixpack_Rips_33.npz,61557,copied
Sixpack_Rips,34,Sixpack_Rips_34.npz,58470,copied
Sixpack_Rips,35,Sixpack_Rips_35.npz,66251,copied
Sixpack_Rips,36,Sixpack_Rips_36.npz,87041,copied
Sixpack_Rips,37,Sixpack_Rips_37.npz,112313,copied
Sixpack_Rips,38,Sixpack_Rips_38.npz,57930,copied
Sixpack_Rips,39,Sixpack_Rips_39.npz,108602,copied
Sixpack_Rips,40,Sixpack_Rips_40.npz,61525,copied
Sixpack_Rips,41,Sixpack_Rips_41.npz,48254,copied
Sixpack_Rips,42,Sixpack_Rips_42.npz,48499,copied
Sixpack_Rips,43,Sixpack_Rips_43.npz,65019,copied
Sixpack_Rips,44,Sixpack_Rips_44.npz,61500,copied
Sixpack_Rips,45,Sixpack_Rips_45.npz,60199,copied
Sixpack_Rips,46,Sixpack_Rips_46.npz,62422,copied
Sixpack_Rips,47,Sixpack_Rips_47.npz,61309,copied
Sixpack_Rips,48,Sixpack_Rips_48.npz,125929,copied
Sixpack_Rips,49,Sixpack_Rips_49.npz,157000,copied
Sixpack_Rips,50,Sixpack_Rips_50.npz,93471,copied
Sixpack_Rips,51,Sixpack_Rips_51.npz,62322,copied
Sixpack_Rips,52,Sixpack_Rips_52.npz,60261,copied
Sixpack_Rips,53,Sixpack_Rips_53.npz,64613,copied
Sixpack_Rips,54,Sixpack_Rips_54.npz,62858,copied
Sixpack_Rips,55,Sixpack_Rips_55.npz,63498,copied
Sixpack_Rips,56,Sixpack_Rips_56.npz,62709,copied
Sixpack_Rips,57,Sixpack_Rips_57.npz,114140,copied
Sixpack_Rips,58,Sixpack_Rips_58.npz,73930,copied
Sixpack_Rips,59,Sixpack_Rips_59.npz,63425,copied
Sixpack_Rips,60,Sixpack_Rips_60.npz,105342,copied
Sixpack_Rips,61,Sixpack_Rips_61.npz,61284,copied
Sixpack_Rips,62,Sixpack_Rips_62.npz,63394,copied
Sixpack_Rips,63,Sixpack_Rips_63.npz,61675,copied
Sixpack_Rips,64,Sixpack_Rips_64.npz,63547,copied
Sixpack_Rips,65,Sixpack_Rips_65.npz,186480,copied
Sixpack_Rips,66,Sixpack_Rips_66.npz,174829,copied
Sixpack_Rips,67,Sixpack_Rips_67.npz,142502,copied
Sixpack_Rips,68,Sixpack_Rips_68.npz,145479,copied
Sixpack_Rips,69,Sixpack_Rips_69.npz,182593,copied
Sixpack_Rips,70,Sixpack_Rips_70.npz,143365,copied
Sixpack_Rips,71,Sixpack_Rips_71.npz,154939,copied
Sixpack_Rips,72,Sixpack_Rips_72.npz,140656,copied
Sixpack_Rips,73,Sixpack_Rips_73.npz,170960,copied
Sixpack_Rips,74,Sixpack_Rips_74.npz,163602,copied
Sixpack_Rips,75,Sixpack_Rips_75.npz,191938,copied
Sixpack_Rips,76,Sixpack_Rips_76.npz,196368,copied
Sixpack_Rips,77,Sixpack_Rips_77.npz,162276,copied
Sixpack_Rips,78,Sixpack_Rips_78.npz,141136,copied
Sixpack_Rips,79,Sixpack_Rips_79.npz,156199,copied
Sixpack_Rips,80,Sixpack_Rips_80.npz,177296,copied
Sixpack_Rips,81,Sixpack_Rips_81.npz,156004,copied
Sixpack_Rips,82,Sixpack_Rips_82.npz,244155,copied
Sixpack_Rips,83,Sixpack_Rips_83.npz,177151,copied
Sixpack_Rips,84,Sixpack_Rips_84.npz,62558,copied
Sixpack_Rips,85,Sixpack_Rips_85.npz,200748,copied
Sixpack_Rips,86,Sixpack_Rips_86.npz,76165,copied
Sixpack_Rips,87,Sixpack_Rips_87.npz,113283,copied
Sixpack_Rips,88,Sixpack_Rips_88.npz,161602,copied
Sixpack_Rips,89,Sixpack_Rips_89.npz,131332,copied
Sixpack_Rips,90,Sixpack_Rips_90.npz,62992,copied
Sixpack_Rips,91,Sixpack_Rips_91.npz,182466,copied
Sixpack_Rips,92,Sixpack_Rips_92.npz,61996,copied
Sixpack_Rips,93,Sixpack_Rips_93.npz,112980,copied
Sixpack_Rips,94,Sixpack_Rips_94.npz,143738,copied
Sixpack_Rips,95,Sixpack_Rips_95.npz,72404,copied
Sixpack_Rips,96,Sixpack_Rips_96.npz,61613,copied
Sixpack_Rips,97,Sixpack_Rips_97.npz,48004,copied
Sixpack_Rips,98,Sixpack_Rips_98.npz,43200,copied
Sixpack_Rips,99,Sixpack_Rips_99.npz,132790,copied
Sixpack_Rips,100,Sixpack_Rips_100.npz,60509,copied
Sixpack_Rips,101,Sixpack_Rips_101.npz,112148,copied
Sixpack_Rips,102,Sixpack_Rips_102.npz,78896,copied
Sixpack_Rips,103,Sixpack_Rips_103.npz,55805,copied
Sixpack_Rips,104,Sixpack_Rips_104.npz,64741,copied
Sixpack_Rips,105,Sixpack_Rips_105.npz,48373,copied
Sixpack_Rips,106,Sixpack_Rips_106.npz,170882,copied
Sixpack_Rips,107,Sixpack_Rips_107.npz,63860,copied
Sixpack_Rips,108,Sixpack_Rips_108.npz,127821,copied
Sixpack_Rips,109,Sixpack_Rips_109.npz,61261,copied
Sixpack_Rips,110,Sixpack_Rips_110.npz,59909,copied
Sixpack_Rips,111,Sixpack_Rips_111.npz,57335,copied
Sixpack_Rips,112,Sixpack_Rips_112.npz,57999,copied
Sixpack_Rips,113,Sixpack_Rips_113.npz,85636,copied
Sixpack_Rips,114,Sixpack_Rips_114.npz,135090,copied
Sixpack_Rips,115,Sixpack_Rips_115.npz,57918,copied
Sixpack_Rips,116,Sixpack_Rips_116.npz,60292,copied
Sixpack_Rips,117,Sixpack_Rips_117.npz,60981,copied
Sixpack_Rips,118,Sixpack_Rips_118.npz,61676,copied
Sixpack_Rips,119,Sixpack_Rips_119.npz,63385,copied
Sixpack_Rips,120,Sixpack_Rips_120.npz,59405,copied
Sixpack_Rips,121,Sixpack_Rips_121.npz,45812,copied
Sixpack_Rips,122,Sixpack_Rips_122.npz,86283,copied
Sixpack_Rips,123,Sixpack_Rips_123.npz,63305,copied
Sixpack_Rips,124,Sixpack_Rips_124.npz,59886,copied
Sixpack_Rips,125,Sixpack_Rips_125.npz,62554,copied
Sixpack_Rips,126,Sixpack_Rips_126.npz,63060,copied
Sixpack_Rips,127,Sixpack_Rips_127.npz,62200,copied
Sixpack_Rips,128,Sixpack_Rips_128.npz,60140,copied
Sixpack_Rips,129,Sixpack_Rips_129.npz,176790,copied
Sixpack_Rips,130,Sixpack_Rips_130.npz,154858,copied
Sixpack_Rips,131,Sixpack_Rips_131.npz,101375,copied
Sixpack_Rips,132,Sixpack_Rips_132.npz,163125,copied
Sixpack_Rips,133,Sixpack_Rips_133.npz,197349,copied
Sixpack_Rips,134,Sixpack_Rips_134.npz,152833,copied
Sixpack_Rips,135,Sixpack_Rips_135.npz,51228,copied
Sixpack_Rips,136,Sixpack_Rips_136.npz,115321,copied
Sixpack_Rips,137,Sixpack_Rips_137.npz,180654,copied
Sixpack_Rips,138,Sixpack_Rips_138.npz,131244,copied
Sixpack_Rips,139,Sixpack_Rips_139.npz,139751,copied
Sixpack_Rips,140,Sixpack_Rips_140.npz,121235,copied
Sixpack_Rips,141,Sixpack_Rips_141.npz,147881,copied
Sixpack_Rips,142,Sixpack_Rips_142.npz,151857,copied
Sixpack_Rips,143,Sixpack_Rips_143.npz,167488,copied
Sixpack_Rips,144,Sixpack_Rips_144.npz,59096,copied
Sixpack_Rips,145,Sixpack_Rips_145.npz,221056,copied
Sixpack_Rips,146,Sixpack_Rips_146.npz,183237,copied
Sixpack_Rips,147,Sixpack_Rips_147.npz,60934,copied
Sixpack_Rips,148,Sixpack_Rips_148.npz,98766,copied
Sixpack_Rips,149,Sixpack_Rips_149.npz,188628,copied
Sixpack_Rips,150,Sixpack_Rips_150.npz,157682,copied
Sixpack_Rips,151,Sixpack_Rips_151.npz,117626,copied
Sixpack_Rips,152,Sixpack_Rips_152.npz,59668,copied
Sixpack_Rips,153,Sixpack_Rips_153.npz,89679,copied
Sixpack_Rips,154,Sixpack_Rips_154.npz,84269,copied
Sixpack_Rips,155,Sixpack_Rips_155.npz,166648,copied
Sixpack_Rips,156,Sixpack_Rips_156.npz,183963,copied
Sixpack_Rips,157,Sixpack_Rips_157.npz,203412,copied
Sixpack_Rips,158,Sixpack_Rips_158.npz,73775,copied
Sixpack_Rips,159,Sixpack_Rips_159.npz,58735,copied
Sixpack_Rips,160,Sixpack_Rips_160.npz,53913,copied
Sixpack_Rips,161,Sixpack_Rips_161.npz,62684,copied
Sixpack_Rips,162,Sixpack_Rips_162.npz,61077,copied
Sixpack_Rips,163,Sixpack_Rips_163.npz,64520,copied
Sixpack_Rips,164,Sixpack_Rips_164.npz,109227,copied
Sixpack_Rips,165,Sixpack_Rips_165.npz,62425,copied
Sixpack_Rips,166,Sixpack_Rips_166.npz,72974,copied
Sixpack_Rips,167,Sixpack_Rips_167.npz,87680,copied
Sixpack_Rips,168,Sixpack_Rips_168.npz,56831,copied
Sixpack_Rips,169,Sixpack_Rips_169.npz,60584,copied
Sixpack_Rips,170,Sixpack_Rips_170.npz,125198,copied
Sixpack_Rips,171,Sixpack_Rips_171.npz,65065,copied
Sixpack_Rips,172,Sixpack_Rips_172.npz,82979,copied
Sixpack_Rips,173,Sixpack_Rips_173.npz,61883,copied
Sixpack_Rips,174,Sixpack_Rips_174.npz,74689,copied
Sixpack_Rips,175,Sixpack_Rips_175.npz,84397,copied
Sixpack_Rips,176,Sixpack_Rips_176.npz,55938,copied
Sixpack_Rips,177,Sixpack_Rips_177.npz,64681,copied
Sixpack_Rips,178,Sixpack_Rips_178.npz,129027,copied
Sixpack_Rips,179,Sixpack_Rips_179.npz,151662,copied
Sixpack_Rips,180,Sixpack_Rips_180.npz,57717,copied
Sixpack_Rips,181,Sixpack_Rips_181.npz,86652,copied
Sixpack_Rips,182,Sixpack_Rips_182.npz,60876,copied
Sixpack_Rips,183,Sixpack_Rips_183.npz,58162,copied
Sixpack_Rips,184,Sixpack_Rips_184.npz,77113,copied
Sixpack_Rips,185,Sixpack_Rips_185.npz,46104,copied
Sixpack_Rips,186,Sixpack_Rips_186.npz,60776,copied
Sixpack_Rips,187,Sixpack_Rips_187.npz,56354,copied
Sixpack_Rips,188,Sixpack_Rips_188.npz,62548,copied
Sixpack_Rips,189,Sixpack_Rips_189.npz,62918,copied
Sixpack_Rips,190,Sixpack_Rips_190.npz,58558,copied
Sixpack_Rips,191,Sixpack_Rips_191.npz,65103,copied
Sixpack_Rips,192,Sixpack_Rips_192.npz,58383,copied
Sixpack_Rips,193,Sixpack_Rips_193.npz,152129,copied
Sixpack_Rips,194,Sixpack_Rips_194.npz,139037,copied
Sixpack_Rips,195,Sixpack_Rips_195.npz,177415,copied
Sixpack_Rips,196,Sixpack_Rips_196.npz,115223,copied
Sixpack_Rips,197,Sixpack_Rips_197.npz,162553,copied
Sixpack_Rips,198,Sixpack_Rips_198.npz,92766,copied
Sixpack_Rips,199,Sixpack_Rips_199.npz,122848,copied
Sixpack_Rips,200,Sixpack_Rips_200.npz,126399,copied
Sixpack_Rips,201,Sixpack_Rips_201.npz,122790,copied
Sixpack_Rips,202,Sixpack_Rips_202.npz,145463,copied
Sixpack_Rips,203,Sixpack_Rips_203.npz,107976,copied
Sixpack_Rips,204,Sixpack_Rips_204.npz,201629,copied
Sixpack_Rips,205,Sixpack_Rips_205.npz,67630,copied
Sixpack_Rips,206,Sixpack_Rips_206.npz,106990,copied
Sixpack_Rips,207,Sixpack_Rips_207.npz,57515,copied
Sixpack_Rips,208,Sixpack_Rips_208.npz,94795,copied
Sixpack_Rips,209,Sixpack_Rips_209.npz,200119,copied
Sixpack_Rips,210,Sixpack_Rips_210.npz,129613,copied
Sixpack_Rips,211,Sixpack_Rips_211.npz,173722,copied
Sixpack_Rips,212,Sixpack_Rips_212.npz,120655,copied
Sixpack_Rips,213,Sixpack_Rips_213.npz,88405,copied
Sixpack_Rips,214,Sixpack_Rips_214.npz,78756,copied
Sixpack_Rips,215,Sixpack_Rips_215.npz,56778,copied
Sixpack_Rips,216,Sixpack_Rips_216.npz,54785,copied
Sixpack_Rips,217,Sixpack_Rips_217.npz,108077,copied
Sixpack_Rips,218,Sixpack_Rips_218.npz,80254,copied
Sixpack_Rips,219,Sixpack_Rips_219.npz,169468,copied
Sixpack_Rips,220,Sixpack_Rips_220.npz,170425,copied
Sixpack_Rips,221,Sixpack_Rips_221.npz,63950,copied
Sixpack_Rips,222,Sixpack_Rips_222.npz,187414,copied
Sixpack_Rips,223,Sixpack_Rips_223.npz,57833,copied
Sixpack_Rips,224,Sixpack_Rips_224.npz,145680,copied
Sixpack_Rips,225,Sixpack_Rips_225.npz,145608,copied
Sixpack_Rips,226,Sixpack_Rips_226.npz,70415,copied
Sixpack_Rips,227,Sixpack_Rips_227.npz,64223,copied
Sixpack_Rips,228,Sixpack_Rips_228.npz,81558,copied
Sixpack_Rips,229,Sixpack_Rips_229.npz,60609,copied
Sixpack_Rips,230,Sixpack_Rips_230.npz,60974,copied
Sixpack_Rips,231,Sixpack_Rips_231.npz,67796,copied
Sixpack_Rips,232,Sixpack_Rips_232.npz,48346,copied
Sixpack_Rips,233,Sixpack_Rips_233.npz,155695,copied
Sixpack_Rips,234,Sixpack_Rips_234.npz,165065,copied
Sixpack_Rips,235,Sixpack_Rips_235.npz,83080,copied
Sixpack_Rips,236,Sixpack_Rips_236.npz,129949,copied
Sixpack_Rips,237,Sixpack_Rips_237.npz,63743,copied
Sixpack_Rips,238,Sixpack_Rips_238.npz,57074,copied
Sixpack_Rips,239,Sixpack_Rips_239.npz,65737,copied
Sixpack_Rips,240,Sixpack_Rips_240.npz,55389,copied
Sixpack_Rips,241,Sixpack_Rips_241.npz,65272,copied
Sixpack_Rips,242,Sixpack_Rips_242.npz,99267,copied
Sixpack_Rips,243,Sixpack_Rips_243.npz,134830,copied
Sixpack_Rips,244,Sixpack_Rips_244.npz,61902,copied
Sixpack_Rips,245,Sixpack_Rips_245.npz,96982,copied
Sixpack_Rips,246,Sixpack_Rips_246.npz,59036,copied
Sixpack_Rips,247,Sixpack_Rips_247.npz,58330,copied
Sixpack_Rips,248,Sixpack_Rips_248.npz,55862,copied
Sixpack_Rips,249,Sixpack_Rips_249.npz,60897,copied
Sixpack_Rips,250,Sixpack_Rips_250.npz,146176,copied
Sixpack_Rips,251,Sixpack_Rips_251.npz,61941,copied
Sixpack_Rips,252,Sixpack_Rips_252.npz,60751,copied
Sixpack_Rips,253,Sixpack_Rips_253.npz,57923,copied
Sixpack_Rips,254,Sixpack_Rips_254.npz,59356,copied
Sixpack_Rips,255,Sixpack_Rips_255.npz,57633,copied
Sixpack_Rips,256,Sixpack_Rips_256.npz,57458,copied
Sixpack_Rips,257,Sixpack_Rips_257.npz,142608,copied
Sixpack_Rips,258,Sixpack_Rips_258.npz,160036,copied
Sixpack_Rips,259,Sixpack_Rips_259.npz,150453,copied
Sixpack_Rips,260,Sixpack_Rips_260.npz,156178,copied
Sixpack_Rips,261,Sixpack_Rips_261.npz,125186,copied
Sixpack_Rips,262,Sixpack_Rips_262.npz,86037,copied
Sixpack_Rips,263,Sixpack_Rips_263.npz,125310,copied
Sixpack_Rips,264,Sixpack_Rips_264.npz,94547,copied
Sixpack_Rips,265,Sixpack_Rips_265.npz,146990,copied
Sixpack_Rips,266,Sixpack_Rips_266.npz,124667,copied
Sixpack_Rips,267,Sixpack_Rips_267.npz,148365,copied
Sixpack_Rips,268,Sixpack_Rips_268.npz,128667,copied
Sixpack_Rips,269,Sixpack_Rips_269.npz,112923,copied
Sixpack_Rips,270,Sixpack_Rips_270.npz,127644,copied
Sixpack_Rips,271,Sixpack_Rips_271.npz,118897,copied
Sixpack_Rips,272,Sixpack_Rips_272.npz,120988,copied
Sixpack_Rips,273,Sixpack_Rips_273.npz,77758,copied
Sixpack_Rips,274,Sixpack_Rips_274.npz,200816,copied
Sixpack_Rips,275,Sixpack_Rips_275.npz,144335,copied
Sixpack_Rips,276,Sixpack_Rips_276.npz,103670,copied
Sixpack_Rips,277,Sixpack_Rips_277.npz,105192,copied
Sixpack_Rips,278,Sixpack_Rips_278.npz,158653,copied
Sixpack_Rips,279,Sixpack_Rips_279.npz,146075,copied
Sixpack_Rips,280,Sixpack_Rips_280.npz,130649,copied
Sixpack_Rips,281,Sixpack_Rips_281.npz,215199,copied
Sixpack_Rips,282,Sixpack_Rips_282.npz,109842,copied
Sixpack_Rips,283,Sixpack_Rips_283.npz,189721,copied
Sixpack_Rips,284,Sixpack_Rips_284.npz,112784,copied
Sixpack_Rips,285,Sixpack_Rips_285.npz,50041,copied
Sixpack_Rips,286,Sixpack_Rips_286.npz,45959,copied
Sixpack_Rips,287,Sixpack_Rips_287.npz,53029,copied
Sixpack_Rips,288,Sixpack_Rips_288.npz,111318,copied
Sixpack_Rips,289,Sixpack_Rips_289.npz,60893,copied
Sixpack_Rips,290,Sixpack_Rips_290.npz,119566,copied
Sixpack_Rips,291,Sixpack_Rips_291.npz,64172,copied
Sixpack_Rips,292,Sixpack_Rips_292.npz,87345,copied
Sixpack_Rips,293,Sixpack_Rips_293.npz,55273,copied
Sixpack_Rips,294,Sixpack_Rips_294.npz,57015,copied
Sixpack_Rips,295,Sixpack_Rips_295.npz,59010,copied
Sixpack_Rips,296,Sixpack_Rips_296.npz,46722,copied
Sixpack_Rips,297,Sixpack_Rips_297.npz,65020,copied
Sixpack_Rips,298,Sixpack_Rips_298.npz,196793,copied
Sixpack_Rips,299,Sixpack_Rips_299.npz,63185,copied
Sixpack_Rips,300,Sixpack_Rips_300.npz,212913,copied
Sixpack_Rips,301,Sixpack_Rips_301.npz,63625,copied
Sixpack_Rips,302,Sixpack_Rips_302.npz,57884,copied
Sixpack_Rips,303,Sixpack_Rips_303.npz,56769,copied
Sixpack_Rips,304,Sixpack_Rips_304.npz,49889,copied
Sixpack_Rips,305,Sixpack_Rips_305.npz,65810,copied
Sixpack_Rips,306,Sixpack_Rips_306.npz,62270,copied
Sixpack_Rips,307,Sixpack_Rips_307.npz,146060,copied
Sixpack_Rips,308,Sixpack_Rips_308.npz,64182,copied
Sixpack_Rips,309,Sixpack_Rips_309.npz,62677,copied
Sixpack_Rips,310,Sixpack_Rips_310.npz,61600,copied
Sixpack_Rips,311,Sixpack_Rips_311.npz,57750,copied
Sixpack_Rips,312,Sixpack_Rips_312.npz,56862,copied
Sixpack_Rips,313,Sixpack_Rips_313.npz,171549,copied
Sixpack_Rips,314,Sixpack_Rips_314.npz,132836,copied
Sixpack_Rips,315,Sixpack_Rips_315.npz,101063,copied
Sixpack_Rips,316,Sixpack_Rips_316.npz,107818,copied
Sixpack_Rips,317,Sixpack_Rips_317.npz,59271,copied
Sixpack_Rips,318,Sixpack_Rips_318.npz,58364,copied
Sixpack_Rips,319,Sixpack_Rips_319.npz,56569,copied
Sixpack_Rips,320,Sixpack_Rips_320.npz,58913,copied
Sixpack_Rips,321,Sixpack_Rips_321.npz,121722,copied
Sixpack_Rips,322,Sixpack_Rips_322.npz,171078,copied
Sixpack_Rips,323,Sixpack_Rips_323.npz,60213,copied
Sixpack_Rips,324,Sixpack_Rips_324.npz,126513,copied
Sixpack_Rips,325,Sixpack_Rips_325.npz,107574,copied
Sixpack_Rips,326,Sixpack_Rips_326.npz,64003,copied
Sixpack_Rips,327,Sixpack_Rips_327.npz,191233,copied
Sixpack_Rips,328,Sixpack_Rips_328.npz,122813,copied
Sixpack_Rips,329,Sixpack_Rips_329.npz,173825,copied
Sixpack_Rips,330,Sixpack_Rips_330.npz,149115,copied
Sixpack_Rips,331,Sixpack_Rips_331.npz,165523,copied
Sixpack_Rips,332,Sixpack_Rips_332.npz,99450,copied
Sixpack_Rips,333,Sixpack_Rips_333.npz,133237,copied
Sixpack_Rips,334,Sixpack_Rips_334.npz,107837,copied
Sixpack_Rips,335,Sixpack_Rips_335.npz,173725,copied
Sixpack_Rips,336,Sixpack_Rips_336.npz,115127,copied
Sixpack_Rips,337,Sixpack_Rips_337.npz,171642,copied
Sixpack_Rips,338,Sixpack_Rips_338.npz,173600,copied
Sixpack_Rips,339,Sixpack_Rips_339.npz,148901,copied
Sixpack_Rips,340,Sixpack_Rips_340.npz,83671,copied
Sixpack_Rips,341,Sixpack_Rips_341.npz,125557,copied
Sixpack_Rips,342,Sixpack_Rips_342.npz,127706,copied
Sixpack_Rips,343,Sixpack_Rips_343.npz,55738,copied
Sixpack_Rips,344,Sixpack_Rips_344.npz,47929,copied
Sixpack_Rips,345,Sixpack_Rips_345.npz,157406,copied
Sixpack_Rips,346,Sixpack_Rips_346.npz,164424,copied
Sixpack_Rips,347,Sixpack_Rips_347.npz,100938,copied
Sixpack_Rips,348,Sixpack_Rips_348.npz,113036,copied
Sixpack_Rips,349,Sixpack_Rips_349.npz,91849,copied
Sixpack_Rips,350,Sixpack_Rips_350.npz,53912,copied
Sixpack_Rips,351,Sixpack_Rips_351.npz,48996,copied
Sixpack_Rips,352,Sixpack_Rips_352.npz,53589,copied
Sixpack_Rips,353,Sixpack_Rips_353.npz,61208,copied
Sixpack_Rips,354,Sixpack_Rips_354.npz,164729,copied
Sixpack_Rips,355,Sixpack_Rips_355.npz,57234,copied
Sixpack_Rips,356,Sixpack_Rips_356.npz,62993,copied
Sixpack_Rips,357,Sixpack_Rips_357.npz,56709,copied
Sixpack_Rips,358,Sixpack_Rips_358.npz,50366,copied
Sixpack_Rips,359,Sixpack_Rips_359.npz,81368,copied
Sixpack_Rips,360,Sixpack_Rips_360.npz,49172,copied
Sixpack_Rips,361,Sixpack_Rips_361.npz,172042,copied
Sixpack_Rips,362,Sixpack_Rips_362.npz,79926,copied
Sixpack_Rips,363,Sixpack_Rips_363.npz,167037,copied
Sixpack_Rips,364,Sixpack_Rips_364.npz,52994,copied
Sixpack_Rips,365,Sixpack_Rips_365.npz,57120,copied
Sixpack_Rips,366,Sixpack_Rips_366.npz,58316,copied
Sixpack_Rips,367,Sixpack_Rips_367.npz,50401,copied
Sixpack_Rips,368,Sixpack_Rips_368.npz,47515,copied
Sixpack_Rips,369,Sixpack_Rips_369.npz,86244,copied
Sixpack_Rips,370,Sixpack_Rips_370.npz,194027,copied
Sixpack_Rips,371,Sixpack_Rips_371.npz,105687,copied
Sixpack_Rips,372,Sixpack_Rips_372.npz,53110,copied
Sixpack_Rips,373,Sixpack_Rips_373.npz,61880,copied
Sixpack_Rips,374,Sixpack_Rips_374.npz,55233,copied
Sixpack_Rips,375,Sixpack_Rips_375.npz,57534,copied
Sixpack_Rips,376,Sixpack_Rips_376.npz,55444,copied
Sixpack_Rips,377,Sixpack_Rips_377.npz,66198,copied
Sixpack_Rips,378,Sixpack_Rips_378.npz,64107,copied
Sixpack_Rips,379,Sixpack_Rips_379.npz,57158,copied
Sixpack_Rips,380,Sixpack_Rips_380.npz,56546,copied
Sixpack_Rips,381,Sixpack_Rips_381.npz,56266,copied
Sixpack_Rips,382,Sixpack_Rips_382.npz,65620,copied
Sixpack_Rips,383,Sixpack_Rips_383.npz,59980,copied
Sixpack_Rips,384,Sixpack_Rips_384.npz,94252,copied
Sixpack_Rips,385,Sixpack_Rips_385.npz,157791,copied
Sixpack_Rips,386,Sixpack_Rips_386.npz,179637,copied
Sixpack_Rips,387,Sixpack_Rips_387.npz,126991,copied
Sixpack_Rips,388,Sixpack_Rips_388.npz,100785,copied
Sixpack_Rips,389,Sixpack_Rips_389.npz,103339,copied
Sixpack_Rips,390,Sixpack_Rips_390.npz,108904,copied
Sixpack_Rips,391,Sixpack_Rips_391.npz,112050,copied
Sixpack_Rips,392,Sixpack_Rips_392.npz,48645,copied
Sixpack_Rips,393,Sixpack_Rips_393.npz,120948,copied
Sixpack_Rips,394,Sixpack_Rips_394.npz,135201,copied
Sixpack_Rips,395,Sixpack_Rips_395.npz,132732,copied
Sixpack_Rips,396,Sixpack_Rips_396.npz,74344,copied
Sixpack_Rips,397,Sixpack_Rips_397.npz,158415,copied
Sixpack_Rips,398,Sixpack_Rips_398.npz,164825,copied
Sixpack_Rips,399,Sixpack_Rips_399.npz,228611,copied
Sixpack_Rips,400,Sixpack_Rips_400.npz,126197,copied
Sixpack_Rips,401,Sixpack_Rips_401.npz,180862,copied
Sixpack_Rips,402,Sixpack_Rips_402.npz,167009,copied
Sixpack_Rips,403,Sixpack_Rips_403.npz,116728,copied
Sixpack_Rips,404,Sixpack_Rips_404.npz,84819,copied
Sixpack_Rips,405,Sixpack_Rips_405.npz,66994,copied
Sixpack_Rips,406,Sixpack_Rips_406.npz,47765,copied
Sixpack_Rips,407,Sixpack_Rips_407.npz,110662,copied
Sixpack_Rips,408,Sixpack_Rips_408.npz,106996,copied
Sixpack_Rips,409,Sixpack_Rips_409.npz,105812,copied
Sixpack_Rips,410,Sixpack_Rips_410.npz,79271,copied
Sixpack_Rips,411,Sixpack_Rips_411.npz,134952,copied
Sixpack_Rips,412,Sixpack_Rips_412.npz,92427,copied
Sixpack_Rips,413,Sixpack_Rips_413.npz,126360,copied
Sixpack_Rips,414,Sixpack_Rips_414.npz,130421,copied
Sixpack_Rips,415,Sixpack_Rips_415.npz,56100,copied
Sixpack_Rips,416,Sixpack_Rips_416.npz,58297,copied
Sixpack_Rips,417,Sixpack_Rips_417.npz,85862,copied
Sixpack_Rips,418,Sixpack_Rips_418.npz,265683,copied
Sixpack_Rips,419,Sixpack_Rips_419.npz,85062,copied
Sixpack_Rips,420,Sixpack_Rips_420.npz,58243,copied
Sixpack_Rips,421,Sixpack_Rips_421.npz,49091,copied
Sixpack_Rips,422,Sixpack_Rips_422.npz,105607,copied
Sixpack_Rips,423,Sixpack_Rips_423.npz,49456,copied
Sixpack_Rips,424,Sixpack_Rips_424.npz,48864,copied
Sixpack_Rips,425,Sixpack_Rips_425.npz,74458,copied
Sixpack_Rips,426,Sixpack_Rips_426.npz,60781,copied
Sixpack_Rips,427,Sixpack_Rips_427.npz,153036,copied
Sixpack_Rips,428,Sixpack_Rips_428.npz,84105,copied
Sixpack_Rips,429,Sixpack_Rips_429.npz,56381,copied
Sixpack_Rips,430,Sixpack_Rips_430.npz,50625,copied
Sixpack_Rips,431,Sixpack_Rips_431.npz,50458,copied
Sixpack_Rips,432,Sixpack_Rips_432.npz,47146,copied
Sixpack_Rips,433,Sixpack_Rips_433.npz,65965,copied
Sixpack_Rips,434,Sixpack_Rips_434.npz,86133,copied
Sixpack_Rips,435,Sixpack_Rips_435.npz,130410,copied
Sixpack_Rips,436,Sixpack_Rips_436.npz,150053,copied
Sixpack_Rips,437,Sixpack_Rips_437.npz,55835,copied
Sixpack_Rips,438,Sixpack_Rips_438.npz,56282,copied
Sixpack_Rips,439,Sixpack_Rips_439.npz,54733,copied
Sixpack_Rips,440,Sixpack_Rips_440.npz,52537,copied
Sixpack_Rips,441,Sixpack_Rips_441.npz,89495,copied
Sixpack_Rips,442,Sixpack_Rips_442.npz,84483,copied
Sixpack_Rips,443,Sixpack_Rips_443.npz,58881,copied
Sixpack_Rips,444,Sixpack_Rips_444.npz,63854,copied
Sixpack_Rips,445,Sixpack_Rips_445.npz,54676,copied
Sixpack_Rips,446,Sixpack_Rips_446.npz,58679,copied
Sixpack_Rips,447,Sixpack_Rips_447.npz,57106,copied
Sixpack_Rips,448,Sixpack_Rips_448.npz,56696,copied
Sixpack_Rips,449,Sixpack_Rips_449.npz,141312,copied
Sixpack_Rips,450,Sixpack_Rips_450.npz,151159,copied
Sixpack_Rips,451,Sixpack_Rips_451.npz,94140,copied
Sixpack_Rips,452,Sixpack_Rips_452.npz,109517,copied
Sixpack_Rips,453,Sixpack_Rips_453.npz,160304,copied
Sixpack_Rips,454,Sixpack_Rips_454.npz,113969,copied
Sixpack_Rips,455,Sixpack_Rips_455.npz,149984,copied
Sixpack_Rips,456,Sixpack_Rips_456.npz,221065,copied
Sixpack_Rips,457,Sixpack_Rips_457.npz,162232,copied
Sixpack_Rips,458,Sixpack_Rips_458.npz,134325,copied
Sixpack_Rips,459,Sixpack_Rips_459.npz,141809,copied
Sixpack_Rips,460,Sixpack_Rips_460.npz,150553,copied
Sixpack_Rips,461,Sixpack_Rips_461.npz,140162,copied
Sixpack_Rips,462,Sixpack_Rips_462.npz,120573,copied
Sixpack_Rips,463,Sixpack_Rips_463.npz,161465,copied
Sixpack_Rips,464,Sixpack_Rips_464.npz,134680,copied
Sixpack_Rips,465,Sixpack_Rips_465.npz,209621,copied
Sixpack_Rips,466,Sixpack_Rips_466.npz,124327,copied
Sixpack_Rips,467,Sixpack_Rips_467.npz,113952,copied
Sixpack_Rips,468,Sixpack_Rips_468.npz,147573,copied
Sixpack_Rips,469,Sixpack_Rips_469.npz,237853,copied
Sixpack_Rips,470,Sixpack_Rips_470.npz,210778,copied
Sixpack_Rips,471,Sixpack_Rips_471.npz,190631,copied
Sixpack_Rips,472,Sixpack_Rips_472.npz,135814,copied
Sixpack_Rips,473,Sixpack_Rips_473.npz,62351,copied
Sixpack_Rips,474,Sixpack_Rips_474.npz,171852,copied
Sixpack_Rips,475,Sixpack_Rips_475.npz,63074,copied
Sixpack_Rips,476,Sixpack_Rips_476.npz,86499,copied
Sixpack_Rips,477,Sixpack_Rips_477.npz,45267,copied
Sixpack_Rips,478,Sixpack_Rips_478.npz,49217,copied
Sixpack_Rips,479,Sixpack_Rips_479.npz,48157,copied
Sixpack_Rips,480,Sixpack_Rips_480.npz,49383,copied
Sixpack_Rips,481,Sixpack_Rips_481.npz,195002,copied
Sixpack_Rips,482,Sixpack_Rips_482.npz,201458,copied
Sixpack_Rips,483,Sixpack_Rips_483.npz,56377,copied
Sixpack_Rips,484,Sixpack_Rips_484.npz,81619,copied
Sixpack_Rips,485,Sixpack_Rips_485.npz,46405,copied
Sixpack_Rips,486,Sixpack_Rips_486.npz,46036,copied
Sixpack_Rips,487,Sixpack_Rips_487.npz,49352,copied
Sixpack_Rips,488,Sixpack_Rips_488.npz,49694,copied
Sixpack_Rips,489,Sixpack_Rips_489.npz,134612,copied
Sixpack_Rips,490,Sixpack_Rips_490.npz,62536,copied
Sixpack_Rips,491,Sixpack_Rips_491.npz,104749,copied
Sixpack_Rips,492,Sixpack_Rips_492.npz,55749,copied
Sixpack_Rips,493,Sixpack_Rips_493.npz,50719,copied
Sixpack_Rips,494,Sixpack_Rips_494.npz,47472,copied
Sixpack_Rips,495,Sixpack_Rips_495.npz,47233,copied
Sixpack_Rips,496,Sixpack_Rips_496.npz,50530,copied
Sixpack_Rips,497,Sixpack_Rips_497.npz,96823,copied
Sixpack_Rips,498,Sixpack_Rips_498.npz,146551,copied
Sixpack_Rips,499,Sixpack_Rips_499.npz,57947,copied
Sixpack_Rips,500,Sixpack_Rips_500.npz,53259,copied
Sixpack_Rips,501,Sixpack_Rips_501.npz,56846,copied
Sixpack_Rips,502,Sixpack_Rips_502.npz,52971,copied
Sixpack_Rips,503,Sixpack_Rips_503.npz,51487,copied
Sixpack_Rips,504,Sixpack_Rips_504.npz,48279,copied
Sixpack_Rips,505,Sixpack_Rips_505.npz,63065,copied
Sixpack_Rips,506,Sixpack_Rips_506.npz,154369,copied
Sixpack_Rips,507,Sixpack_Rips_507.npz,62981,copied
Sixpack_Rips,508,Sixpack_Rips_508.npz,54840,copied
Sixpack_Rips,509,Sixpack_Rips_509.npz,53608,copied
Sixpack_Rips,510,Sixpack_Rips_510.npz,56819,copied
Sixpack_Rips,511,Sixpack_Rips_511.npz,57482,copied
Sixpack_Rips,512,Sixpack_Rips_512.npz,53531,copied
Sixpack_Chroma,1,Sixpack_Chroma_1.npz,98184,copied
Sixpack_Chroma,2,Sixpack_Chroma_2.npz,93427,copied
Sixpack_Chroma,3,Sixpack_Chroma_3.npz,96102,copied
Sixpack_Chroma,4,Sixpack_Chroma_4.npz,111830,copied
Sixpack_Chroma,5,Sixpack_Chroma_5.npz,105196,copied
Sixpack_Chroma,6,Sixpack_Chroma_6.npz,102743,copied
Sixpack_Chroma,7,Sixpack_Chroma_7.npz,113767,copied
Sixpack_Chroma,8,Sixpack_Chroma_8.npz,106577,copied
Sixpack_Chroma,9,Sixpack_Chroma_9.npz,86744,copied
Sixpack_Chroma,10,Sixpack_Chroma_10.npz,100333,copied
Sixpack_Chroma,11,Sixpack_Chroma_11.npz,115779,copied
Sixpack_Chroma,12,Sixpack_Chroma_12.npz,103463,copied
Sixpack_Chroma,13,Sixpack_Chroma_13.npz,112335,copied
Sixpack_Chroma,14,Sixpack_Chroma_14.npz,105174,copied
Sixpack_Chroma,15,Sixpack_Chroma_15.npz,98937,copied
Sixpack_Chroma,16,Sixpack_Chroma_16.npz,105950,copied
Sixpack_Chroma,17,Sixpack_Chroma_17.npz,117176,copied
Sixpack_Chroma,18,Sixpack_Chroma_18.npz,145341,copied
Sixpack_Chroma,19,Sixpack_Chroma_19.npz,109196,copied
Sixpack_Chroma,20,Sixpack_Chroma_20.npz,108669,copied
Sixpack_Chroma,21,Sixpack_Chroma_21.npz,100382,copied
Sixpack_Chroma,22,Sixpack_Chroma_22.npz,120394,copied
Sixpack_Chroma,23,Sixpack_Chroma_23.npz,85795,copied
Sixpack_Chroma,24,Sixpack_Chroma_24.npz,57782,copied
Sixpack_Chroma,25,Sixpack_Chroma_25.npz,119833,copied
Sixpack_Chroma,26,Sixpack_Chroma_26.npz,127388,copied
Sixpack_Chroma,27,Sixpack_Chroma_27.npz,107391,copied
Sixpack_Chroma,28,Sixpack_Chroma_28.npz,97132,copied
Sixpack_Chroma,29,Sixpack_Chroma_29.npz,112097,copied
Sixpack_Chroma,30,Sixpack_Chroma_30.npz,123076,copied
Sixpack_Chroma,31,Sixpack_Chroma_31.npz,114723,copied
Sixpack_Chroma,32,Sixpack_Chroma_32.npz,96148,copied
Sixpack_Chroma,33,Sixpack_Chroma_33.npz,131583,copied
Sixpack_Chroma,34,Sixpack_Chroma_34.npz,57321,copied
Sixpack_Chroma,35,Sixpack_Chroma_35.npz,92347,copied
Sixpack_Chroma,36,Sixpack_Chroma_36.npz,62002,copied
Sixpack_Chroma,37,Sixpack_Chroma_37.npz,72106,copied
Sixpack_Chroma,38,Sixpack_Chroma_38.npz,44970,copied
Sixpack_Chroma,39,Sixpack_Chroma_39.npz,79393,copied
Sixpack_Chroma,40,Sixpack_Chroma_40.npz,44947,copied
Sixpack_Chroma,41,Sixpack_Chroma_41.npz,60089,copied
Sixpack_Chroma,42,Sixpack_Chroma_42.npz,82097,copied
Sixpack_Chroma,43,Sixpack_Chroma_43.npz,69643,copied
Sixpack_Chroma,44,Sixpack_Chroma_44.npz,45920,copied
Sixpack_Chroma,45,Sixpack_Chroma_45.npz,47217,copied
Sixpack_Chroma,46,Sixpack_Chroma_46.npz,57231,copied
Sixpack_Chroma,47,Sixpack_Chroma_47.npz,45503,copied
Sixpack_Chroma,48,Sixpack_Chroma_48.npz,113102,copied
Sixpack_Chroma,49,Sixpack_Chroma_49.npz,99022,copied
Sixpack_Chroma,50,Sixpack_Chroma_50.npz,103271,copied
Sixpack_Chroma,51,Sixpack_Chroma_51.npz,46893,copied
Sixpack_Chroma,52,Sixpack_Chroma_52.npz,57563,copied
Sixpack_Chroma,53,Sixpack_Chroma_53.npz,59637,copied
Sixpack_Chroma,54,Sixpack_Chroma_54.npz,53720,copied
Sixpack_Chroma,55,Sixpack_Chroma_55.npz,69888,copied
Sixpack_Chroma,56,Sixpack_Chroma_56.npz,45900,copied
Sixpack_Chroma,57,Sixpack_Chroma_57.npz,77753,copied
Sixpack_Chroma,58,Sixpack_Chroma_58.npz,101639,copied
Sixpack_Chroma,59,Sixpack_Chroma_59.npz,65879,copied
Sixpack_Chroma,60,Sixpack_Chroma_60.npz,86336,copied
Sixpack_Chroma,61,Sixpack_Chroma_61.npz,46169,copied
Sixpack_Chroma,62,Sixpack_Chroma_62.npz,46213,copied
Sixpack_Chroma,63,Sixpack_Chroma_63.npz,46281,copied
Sixpack_Chroma,64,Sixpack_Chroma_64.npz,60780,copied
Sixpack_Chroma,65,Sixpack_Chroma_65.npz,95356,copied
Sixpack_Chroma,66,Sixpack_Chroma_66.npz,93324,copied
Sixpack_Chroma,67,Sixpack_Chroma_67.npz,107456,copied
Sixpack_Chroma,68,Sixpack_Chroma_68.npz,98920,copied
Sixpack_Chroma,69,Sixpack_Chroma_69.npz,109883,copied
Sixpack_Chroma,70,Sixpack_Chroma_70.npz,107543,copied
Sixpack_Chroma,71,Sixpack_Chroma_71.npz,95896,copied
Sixpack_Chroma,72,Sixpack_Chroma_72.npz,96781,copied
Sixpack_Chroma,73,Sixpack_Chroma_73.npz,92740,copied
Sixpack_Chroma,74,Sixpack_Chroma_74.npz,89297,copied
Sixpack_Chroma,75,Sixpack_Chroma_75.npz,103288,copied
Sixpack_Chroma,76,Sixpack_Chroma_76.npz,111306,copied
Sixpack_Chroma,77,Sixpack_Chroma_77.npz,109115,copied
Sixpack_Chroma,78,Sixpack_Chroma_78.npz,101364,copied
Sixpack_Chroma,79,Sixpack_Chroma_79.npz,114639,copied
Sixpack_Chroma,80,Sixpack_Chroma_80.npz,110101,copied
Sixpack_Chroma,81,Sixpack_Chroma_81.npz,118814,copied
Sixpack_Chroma,82,Sixpack_Chroma_82.npz,143291,copied
Sixpack_Chroma,83,Sixpack_Chroma_83.npz,138000,copied
Sixpack_Chroma,84,Sixpack_Chroma_84.npz,95270,copied
Sixpack_Chroma,85,Sixpack_Chroma_85.npz,113722,copied
Sixpack_Chroma,86,Sixpack_Chroma_86.npz,83985,copied
Sixpack_Chroma,87,Sixpack_Chroma_87.npz,85132,copied
Sixpack_Chroma,88,Sixpack_Chroma_88.npz,97893,copied
Sixpack_Chroma,89,Sixpack_Chroma_89.npz,127645,copied
Sixpack_Chroma,90,Sixpack_Chroma_90.npz,180065,copied
Sixpack_Chroma,91,Sixpack_Chroma_91.npz,125428,copied
Sixpack_Chroma,92,Sixpack_Chroma_92.npz,100492,copied
Sixpack_Chroma,93,Sixpack_Chroma_93.npz,95592,copied
Sixpack_Chroma,94,Sixpack_Chroma_94.npz,97203,copied
Sixpack_Chroma,95,Sixpack_Chroma_95.npz,99176,copied
Sixpack_Chroma,96,Sixpack_Chroma_96.npz,94903,copied
Sixpack_Chroma,97,Sixpack_Chroma_97.npz,114814,copied
Sixpack_Chroma,98,Sixpack_Chroma_98.npz,85239,copied
Sixpack_Chroma,99,Sixpack_Chroma_99.npz,93878,copied
Sixpack_Chroma,100,Sixpack_Chroma_100.npz,68358,copied
Sixpack_Chroma,101,Sixpack_Chroma_101.npz,83108,copied
Sixpack_Chroma,102,Sixpack_Chroma_102.npz,58174,copied
Sixpack_Chroma,103,Sixpack_Chroma_103.npz,44116,copied
Sixpack_Chroma,104,Sixpack_Chroma_104.npz,58647,copied
Sixpack_Chroma,105,Sixpack_Chroma_105.npz,87547,copied
Sixpack_Chroma,106,Sixpack_Chroma_106.npz,116432,copied
Sixpack_Chroma,107,Sixpack_Chroma_107.npz,84363,copied
Sixpack_Chroma,108,Sixpack_Chroma_108.npz,89592,copied
Sixpack_Chroma,109,Sixpack_Chroma_109.npz,46035,copied
Sixpack_Chroma,110,Sixpack_Chroma_110.npz,59855,copied
Sixpack_Chroma,111,Sixpack_Chroma_111.npz,44337,copied
Sixpack_Chroma,112,Sixpack_Chroma_112.npz,44947,copied
Sixpack_Chroma,113,Sixpack_Chroma_113.npz,106932,copied
Sixpack_Chroma,114,Sixpack_Chroma_114.npz,117668,copied
Sixpack_Chroma,115,Sixpack_Chroma_115.npz,47214,copied
Sixpack_Chroma,116,Sixpack_Chroma_116.npz,45358,copied
Sixpack_Chroma,117,Sixpack_Chroma_117.npz,45792,copied
Sixpack_Chroma,118,Sixpack_Chroma_118.npz,45975,copied
Sixpack_Chroma,119,Sixpack_Chroma_119.npz,53250,copied
Sixpack_Chroma,120,Sixpack_Chroma_120.npz,44847,copied
Sixpack_Chroma,121,Sixpack_Chroma_121.npz,42368,copied
Sixpack_Chroma,122,Sixpack_Chroma_122.npz,95791,copied
Sixpack_Chroma,123,Sixpack_Chroma_123.npz,58076,copied
Sixpack_Chroma,124,Sixpack_Chroma_124.npz,46007,copied
Sixpack_Chroma,125,Sixpack_Chroma_125.npz,46568,copied
Sixpack_Chroma,126,Sixpack_Chroma_126.npz,59186,copied
Sixpack_Chroma,127,Sixpack_Chroma_127.npz,46188,copied
Sixpack_Chroma,128,Sixpack_Chroma_128.npz,45650,copied
Sixpack_Chroma,129,Sixpack_Chroma_129.npz,99216,copied
Sixpack_Chroma,130,Sixpack_Chroma_130.npz,104388,copied
Sixpack_Chroma,131,Sixpack_Chroma_131.npz,122875,copied
Sixpack_Chroma,132,Sixpack_Chroma_132.npz,111828,copied
Sixpack_Chroma,133,Sixpack_Chroma_133.npz,142672,copied
Sixpack_Chroma,134,Sixpack_Chroma_134.npz,111099,copied
Sixpack_Chroma,135,Sixpack_Chroma_135.npz,61995,copied
Sixpack_Chroma,136,Sixpack_Chroma_136.npz,100188,copied
Sixpack_Chroma,137,Sixpack_Chroma_137.npz,111231,copied
Sixpack_Chroma,138,Sixpack_Chroma_138.npz,100741,copied
Sixpack_Chroma,139,Sixpack_Chroma_139.npz,117626,copied
Sixpack_Chroma,140,Sixpack_Chroma_140.npz,120620,copied
Sixpack_Chroma,141,Sixpack_Chroma_141.npz,104385,copied
Sixpack_Chroma,142,Sixpack_Chroma_142.npz,113335,copied
Sixpack_Chroma,143,Sixpack_Chroma_143.npz,113546,copied
Sixpack_Chroma,144,Sixpack_Chroma_144.npz,89558,copied
Sixpack_Chroma,145,Sixpack_Chroma_145.npz,134615,copied
Sixpack_Chroma,146,Sixpack_Chroma_146.npz,127036,copied
Sixpack_Chroma,147,Sixpack_Chroma_147.npz,87116,copied
Sixpack_Chroma,148,Sixpack_Chroma_148.npz,90528,copied
Sixpack_Chroma,149,Sixpack_Chroma_149.npz,111874,copied
Sixpack_Chroma,150,Sixpack_Chroma_150.npz,96595,copied
Sixpack_Chroma,151,Sixpack_Chroma_151.npz,94701,copied
Sixpack_Chroma,152,Sixpack_Chroma_152.npz,108456,copied
Sixpack_Chroma,153,Sixpack_Chroma_153.npz,107576,copied
Sixpack_Chroma,154,Sixpack_Chroma_154.npz,136344,copied
Sixpack_Chroma,155,Sixpack_Chroma_155.npz,101116,copied
Sixpack_Chroma,156,Sixpack_Chroma_156.npz,127565,copied
Sixpack_Chroma,157,Sixpack_Chroma_157.npz,112105,copied
Sixpack_Chroma,158,Sixpack_Chroma_158.npz,91504,copied
Sixpack_Chroma,159,Sixpack_Chroma_159.npz,75052,copied
Sixpack_Chroma,160,Sixpack_Chroma_160.npz,43443,copied
Sixpack_Chroma,161,Sixpack_Chroma_161.npz,99481,copied
Sixpack_Chroma,162,Sixpack_Chroma_162.npz,76883,copied
Sixpack_Chroma,163,Sixpack_Chroma_163.npz,94338,copied
Sixpack_Chroma,164,Sixpack_Chroma_164.npz,100389,copied
Sixpack_Chroma,165,Sixpack_Chroma_165.npz,56412,copied
Sixpack_Chroma,166,Sixpack_Chroma_166.npz,59642,copied
Sixpack_Chroma,167,Sixpack_Chroma_167.npz,66127,copied
Sixpack_Chroma,168,Sixpack_Chroma_168.npz,43587,copied
Sixpack_Chroma,169,Sixpack_Chroma_169.npz,46305,copied
Sixpack_Chroma,170,Sixpack_Chroma_170.npz,108938,copied
Sixpack_Chroma,171,Sixpack_Chroma_171.npz,84401,copied
Sixpack_Chroma,172,Sixpack_Chroma_172.npz,61341,copied
Sixpack_Chroma,173,Sixpack_Chroma_173.npz,65560,copied
Sixpack_Chroma,174,Sixpack_Chroma_174.npz,61466,copied
Sixpack_Chroma,175,Sixpack_Chroma_175.npz,63874,copied
Sixpack_Chroma,176,Sixpack_Chroma_176.npz,43186,copied
Sixpack_Chroma,177,Sixpack_Chroma_177.npz,136119,copied
Sixpack_Chroma,178,Sixpack_Chroma_178.npz,81717,copied
Sixpack_Chroma,179,Sixpack_Chroma_179.npz,85731,copied
Sixpack_Chroma,180,Sixpack_Chroma_180.npz,44136,copied
Sixpack_Chroma,181,Sixpack_Chroma_181.npz,77021,copied
Sixpack_Chroma,182,Sixpack_Chroma_182.npz,67334,copied
Sixpack_Chroma,183,Sixpack_Chroma_183.npz,44699,copied
Sixpack_Chroma,184,Sixpack_Chroma_184.npz,63094,copied
Sixpack_Chroma,185,Sixpack_Chroma_185.npz,52100,copied
Sixpack_Chroma,186,Sixpack_Chroma_186.npz,83954,copied
Sixpack_Chroma,187,Sixpack_Chroma_187.npz,42713,copied
Sixpack_Chroma,188,Sixpack_Chroma_188.npz,73325,copied
Sixpack_Chroma,189,Sixpack_Chroma_189.npz,99361,copied
Sixpack_Chroma,190,Sixpack_Chroma_190.npz,45025,copied
Sixpack_Chroma,191,Sixpack_Chroma_191.npz,98421,copied
Sixpack_Chroma,192,Sixpack_Chroma_192.npz,45152,copied
Sixpack_Chroma,193,Sixpack_Chroma_193.npz,102539,copied
Sixpack_Chroma,194,Sixpack_Chroma_194.npz,98967,copied
Sixpack_Chroma,195,Sixpack_Chroma_195.npz,159348,copied
Sixpack_Chroma,196,Sixpack_Chroma_196.npz,133614,copied
Sixpack_Chroma,197,Sixpack_Chroma_197.npz,116883,copied
Sixpack_Chroma,198,Sixpack_Chroma_198.npz,98899,copied
Sixpack_Chroma,199,Sixpack_Chroma_199.npz,126602,copied
Sixpack_Chroma,200,Sixpack_Chroma_200.npz,125423,copied
Sixpack_Chroma,201,Sixpack_Chroma_201.npz,83724,copied
Sixpack_Chroma,202,Sixpack_Chroma_202.npz,105330,copied
Sixpack_Chroma,203,Sixpack_Chroma_203.npz,120099,copied
Sixpack_Chroma,204,Sixpack_Chroma_204.npz,113539,copied
Sixpack_Chroma,205,Sixpack_Chroma_205.npz,63800,copied
Sixpack_Chroma,206,Sixpack_Chroma_206.npz,103981,copied
Sixpack_Chroma,207,Sixpack_Chroma_207.npz,100089,copied
Sixpack_Chroma,208,Sixpack_Chroma_208.npz,104155,copied
Sixpack_Chroma,209,Sixpack_Chroma_209.npz,135299,copied
Sixpack_Chroma,210,Sixpack_Chroma_210.npz,103704,copied
Sixpack_Chroma,211,Sixpack_Chroma_211.npz,131194,copied
Sixpack_Chroma,212,Sixpack_Chroma_212.npz,114716,copied
Sixpack_Chroma,213,Sixpack_Chroma_213.npz,70820,copied
Sixpack_Chroma,214,Sixpack_Chroma_214.npz,92854,copied
Sixpack_Chroma,215,Sixpack_Chroma_215.npz,53326,copied
Sixpack_Chroma,216,Sixpack_Chroma_216.npz,58268,copied
Sixpack_Chroma,217,Sixpack_Chroma_217.npz,115653,copied
Sixpack_Chroma,218,Sixpack_Chroma_218.npz,83772,copied
Sixpack_Chroma,219,Sixpack_Chroma_219.npz,110117,copied
Sixpack_Chroma,220,Sixpack_Chroma_220.npz,119792,copied
Sixpack_Chroma,221,Sixpack_Chroma_221.npz,87441,copied
Sixpack_Chroma,222,Sixpack_Chroma_222.npz,118985,copied
Sixpack_Chroma,223,Sixpack_Chroma_223.npz,75176,copied
Sixpack_Chroma,224,Sixpack_Chroma_224.npz,101274,copied
Sixpack_Chroma,225,Sixpack_Chroma_225.npz,80806,copied
Sixpack_Chroma,226,Sixpack_Chroma_226.npz,131652,copied
Sixpack_Chroma,227,Sixpack_Chroma_227.npz,86584,copied
Sixpack_Chroma,228,Sixpack_Chroma_228.npz,84514,copied
Sixpack_Chroma,229,Sixpack_Chroma_229.npz,61781,copied
Sixpack_Chroma,230,Sixpack_Chroma_230.npz,50416,copied
Sixpack_Chroma,231,Sixpack_Chroma_231.npz,54275,copied
Sixpack_Chroma,232,Sixpack_Chroma_232.npz,41381,copied
Sixpack_Chroma,233,Sixpack_Chroma_233.npz,96604,copied
Sixpack_Chroma,234,Sixpack_Chroma_234.npz,107413,copied
Sixpack_Chroma,235,Sixpack_Chroma_235.npz,87993,copied
Sixpack_Chroma,236,Sixpack_Chroma_236.npz,97345,copied
Sixpack_Chroma,237,Sixpack_Chroma_237.npz,75067,copied
Sixpack_Chroma,238,Sixpack_Chroma_238.npz,43149,copied
Sixpack_Chroma,239,Sixpack_Chroma_239.npz,110924,copied
Sixpack_Chroma,240,Sixpack_Chroma_240.npz,43124,copied
Sixpack_Chroma,241,Sixpack_Chroma_241.npz,97878,copied
Sixpack_Chroma,242,Sixpack_Chroma_242.npz,73997,copied
Sixpack_Chroma,243,Sixpack_Chroma_243.npz,83789,copied
Sixpack_Chroma,244,Sixpack_Chroma_244.npz,50497,copied
Sixpack_Chroma,245,Sixpack_Chroma_245.npz,106813,copied
Sixpack_Chroma,246,Sixpack_Chroma_246.npz,44376,copied
Sixpack_Chroma,247,Sixpack_Chroma_247.npz,44019,copied
Sixpack_Chroma,248,Sixpack_Chroma_248.npz,43945,copied
Sixpack_Chroma,249,Sixpack_Chroma_249.npz,45808,copied
Sixpack_Chroma,250,Sixpack_Chroma_250.npz,104781,copied
Sixpack_Chroma,251,Sixpack_Chroma_251.npz,71296,copied
Sixpack_Chroma,252,Sixpack_Chroma_252.npz,49438,copied
Sixpack_Chroma,253,Sixpack_Chroma_253.npz,43558,copied
Sixpack_Chroma,254,Sixpack_Chroma_254.npz,44340,copied
Sixpack_Chroma,255,Sixpack_Chroma_255.npz,44335,copied
Sixpack_Chroma,256,Sixpack_Chroma_256.npz,44352,copied
Sixpack_Chroma,257,Sixpack_Chroma_257.npz,97023,copied
Sixpack_Chroma,258,Sixpack_Chroma_258.npz,97607,copied
Sixpack_Chroma,259,Sixpack_Chroma_259.npz,116091,copied
Sixpack_Chroma,260,Sixpack_Chroma_260.npz,110367,copied
Sixpack_Chroma,261,Sixpack_Chroma_261.npz,117781,copied
Sixpack_Chroma,262,Sixpack_Chroma_262.npz,100374,copied
Sixpack_Chroma,263,Sixpack_Chroma_263.npz,120868,copied
Sixpack_Chroma,264,Sixpack_Chroma_264.npz,102978,copied
Sixpack_Chroma,265,Sixpack_Chroma_265.npz,107742,copied
Sixpack_Chroma,266,Sixpack_Chroma_266.npz,101252,copied
Sixpack_Chroma,267,Sixpack_Chroma_267.npz,124309,copied
Sixpack_Chroma,268,Sixpack_Chroma_268.npz,116552,copied
Sixpack_Chroma,269,Sixpack_Chroma_269.npz,97889,copied
Sixpack_Chroma,270,Sixpack_Chroma_270.npz,98256,copied
Sixpack_Chroma,271,Sixpack_Chroma_271.npz,102203,copied
Sixpack_Chroma,272,Sixpack_Chroma_272.npz,97272,copied
Sixpack_Chroma,273,Sixpack_Chroma_273.npz,99835,copied
Sixpack_Chroma,274,Sixpack_Chroma_274.npz,134023,copied
Sixpack_Chroma,275,Sixpack_Chroma_275.npz,107459,copied
Sixpack_Chroma,276,Sixpack_Chroma_276.npz,90057,copied
Sixpack_Chroma,277,Sixpack_Chroma_277.npz,90743,copied
Sixpack_Chroma,278,Sixpack_Chroma_278.npz,125054,copied
Sixpack_Chroma,279,Sixpack_Chroma_279.npz,94711,copied
Sixpack_Chroma,280,Sixpack_Chroma_280.npz,122969,copied
Sixpack_Chroma,281,Sixpack_Chroma_281.npz,135533,copied
Sixpack_Chroma,282,Sixpack_Chroma_282.npz,94172,copied
Sixpack_Chroma,283,Sixpack_Chroma_283.npz,118496,copied
Sixpack_Chroma,284,Sixpack_Chroma_284.npz,103547,copied
Sixpack_Chroma,285,Sixpack_Chroma_285.npz,40645,copied
Sixpack_Chroma,286,Sixpack_Chroma_286.npz,40717,copied
Sixpack_Chroma,287,Sixpack_Chroma_287.npz,54115,copied
Sixpack_Chroma,288,Sixpack_Chroma_288.npz,114280,copied
Sixpack_Chroma,289,Sixpack_Chroma_289.npz,46282,copied
Sixpack_Chroma,290,Sixpack_Chroma_290.npz,97735,copied
Sixpack_Chroma,291,Sixpack_Chroma_291.npz,88089,copied
Sixpack_Chroma,292,Sixpack_Chroma_292.npz,57575,copied
Sixpack_Chroma,293,Sixpack_Chroma_293.npz,61937,copied
Sixpack_Chroma,294,Sixpack_Chroma_294.npz,83258,copied
Sixpack_Chroma,295,Sixpack_Chroma_295.npz,121741,copied
Sixpack_Chroma,296,Sixpack_Chroma_296.npz,40792,copied
Sixpack_Chroma,297,Sixpack_Chroma_297.npz,65391,copied
Sixpack_Chroma,298,Sixpack_Chroma_298.npz,119661,copied
Sixpack_Chroma,299,Sixpack_Chroma_299.npz,90976,copied
Sixpack_Chroma,300,Sixpack_Chroma_300.npz,128495,copied
Sixpack_Chroma,301,Sixpack_Chroma_301.npz,99983,copied
Sixpack_Chroma,302,Sixpack_Chroma_302.npz,43509,copied
Sixpack_Chroma,303,Sixpack_Chroma_303.npz,43294,copied
Sixpack_Chroma,304,Sixpack_Chroma_304.npz,41991,copied
Sixpack_Chroma,305,Sixpack_Chroma_305.npz,82332,copied
Sixpack_Chroma,306,Sixpack_Chroma_306.npz,53528,copied
Sixpack_Chroma,307,Sixpack_Chroma_307.npz,118851,copied
Sixpack_Chroma,308,Sixpack_Chroma_308.npz,57668,copied
Sixpack_Chroma,309,Sixpack_Chroma_309.npz,54398,copied
Sixpack_Chroma,310,Sixpack_Chroma_310.npz,57184,copied
Sixpack_Chroma,311,Sixpack_Chroma_311.npz,43449,copied
Sixpack_Chroma,312,Sixpack_Chroma_312.npz,44039,copied
Sixpack_Chroma,313,Sixpack_Chroma_313.npz,138664,copied
Sixpack_Chroma,314,Sixpack_Chroma_314.npz,130764,copied
Sixpack_Chroma,315,Sixpack_Chroma_315.npz,89629,copied
Sixpack_Chroma,316,Sixpack_Chroma_316.npz,71297,copied
Sixpack_Chroma,317,Sixpack_Chroma_317.npz,44454,copied
Sixpack_Chroma,318,Sixpack_Chroma_318.npz,44122,copied
Sixpack_Chroma,319,Sixpack_Chroma_319.npz,43598,copied
Sixpack_Chroma,320,Sixpack_Chroma_320.npz,44050,copied
Sixpack_Chroma,321,Sixpack_Chroma_321.npz,102240,copied
Sixpack_Chroma,322,Sixpack_Chroma_322.npz,102662,copied
Sixpack_Chroma,323,Sixpack_Chroma_323.npz,142482,copied
Sixpack_Chroma,324,Sixpack_Chroma_324.npz,112392,copied
Sixpack_Chroma,325,Sixpack_Chroma_325.npz,110050,copied
Sixpack_Chroma,326,Sixpack_Chroma_326.npz,130555,copied
Sixpack_Chroma,327,Sixpack_Chroma_327.npz,134238,copied
Sixpack_Chroma,328,Sixpack_Chroma_328.npz,89459,copied
Sixpack_Chroma,329,Sixpack_Chroma_329.npz,94552,copied
Sixpack_Chroma,330,Sixpack_Chroma_330.npz,86986,copied
Sixpack_Chroma,331,Sixpack_Chroma_331.npz,129856,copied
Sixpack_Chroma,332,Sixpack_Chroma_332.npz,89476,copied
Sixpack_Chroma,333,Sixpack_Chroma_333.npz,102405,copied
Sixpack_Chroma,334,Sixpack_Chroma_334.npz,96990,copied
Sixpack_Chroma,335,Sixpack_Chroma_335.npz,121357,copied
Sixpack_Chroma,336,Sixpack_Chroma_336.npz,105037,copied
Sixpack_Chroma,337,Sixpack_Chroma_337.npz,112516,copied
Sixpack_Chroma,338,Sixpack_Chroma_338.npz,107916,copied
Sixpack_Chroma,339,Sixpack_Chroma_339.npz,95089,copied
Sixpack_Chroma,340,Sixpack_Chroma_340.npz,101217,copied
Sixpack_Chroma,341,Sixpack_Chroma_341.npz,108978,copied
Sixpack_Chroma,342,Sixpack_Chroma_342.npz,81297,copied
Sixpack_Chroma,343,Sixpack_Chroma_343.npz,112230,copied
Sixpack_Chroma,344,Sixpack_Chroma_344.npz,40535,copied
Sixpack_Chroma,345,Sixpack_Chroma_345.npz,103160,copied
Sixpack_Chroma,346,Sixpack_Chroma_346.npz,111380,copied
Sixpack_Chroma,347,Sixpack_Chroma_347.npz,79596,copied
Sixpack_Chroma,348,Sixpack_Chroma_348.npz,94477,copied
Sixpack_Chroma,349,Sixpack_Chroma_349.npz,97759,copied
Sixpack_Chroma,350,Sixpack_Chroma_350.npz,55128,copied
Sixpack_Chroma,351,Sixpack_Chroma_351.npz,40484,copied
Sixpack_Chroma,352,Sixpack_Chroma_352.npz,57091,copied
Sixpack_Chroma,353,Sixpack_Chroma_353.npz,45754,copied
Sixpack_Chroma,354,Sixpack_Chroma_354.npz,116420,copied
Sixpack_Chroma,355,Sixpack_Chroma_355.npz,55356,copied
Sixpack_Chroma,356,Sixpack_Chroma_356.npz,52879,copied
Sixpack_Chroma,357,Sixpack_Chroma_357.npz,67836,copied
Sixpack_Chroma,358,Sixpack_Chroma_358.npz,40946,copied
Sixpack_Chroma,359,Sixpack_Chroma_359.npz,57323,copied
Sixpack_Chroma,360,Sixpack_Chroma_360.npz,40454,copied
Sixpack_Chroma,361,Sixpack_Chroma_361.npz,119119,copied
Sixpack_Chroma,362,Sixpack_Chroma_362.npz,75069,copied
Sixpack_Chroma,363,Sixpack_Chroma_363.npz,106369,copied
Sixpack_Chroma,364,Sixpack_Chroma_364.npz,42300,copied
Sixpack_Chroma,365,Sixpack_Chroma_365.npz,43059,copied
Sixpack_Chroma,366,Sixpack_Chroma_366.npz,62642,copied
Sixpack_Chroma,367,Sixpack_Chroma_367.npz,40888,copied
Sixpack_Chroma,368,Sixpack_Chroma_368.npz,41134,copied
Sixpack_Chroma,369,Sixpack_Chroma_369.npz,76166,copied
Sixpack_Chroma,370,Sixpack_Chroma_370.npz,110004,copied
Sixpack_Chroma,371,Sixpack_Chroma_371.npz,87944,copied
Sixpack_Chroma,372,Sixpack_Chroma_372.npz,42086,copied
Sixpack_Chroma,373,Sixpack_Chroma_373.npz,54811,copied
Sixpack_Chroma,374,Sixpack_Chroma_374.npz,42982,copied
Sixpack_Chroma,375,Sixpack_Chroma_375.npz,43242,copied
Sixpack_Chroma,376,Sixpack_Chroma_376.npz,43007,copied
Sixpack_Chroma,377,Sixpack_Chroma_377.npz,129926,copied
Sixpack_Chroma,378,Sixpack_Chroma_378.npz,102551,copied
Sixpack_Chroma,379,Sixpack_Chroma_379.npz,55356,copied
Sixpack_Chroma,380,Sixpack_Chroma_380.npz,43878,copied
Sixpack_Chroma,381,Sixpack_Chroma_381.npz,43098,copied
Sixpack_Chroma,382,Sixpack_Chroma_382.npz,68925,copied
Sixpack_Chroma,383,Sixpack_Chroma_383.npz,50149,copied
Sixpack_Chroma,384,Sixpack_Chroma_384.npz,69965,copied
Sixpack_Chroma,385,Sixpack_Chroma_385.npz,96492,copied
Sixpack_Chroma,386,Sixpack_Chroma_386.npz,103523,copied
Sixpack_Chroma,387,Sixpack_Chroma_387.npz,96548,copied
Sixpack_Chroma,388,Sixpack_Chroma_388.npz,123057,copied
Sixpack_Chroma,389,Sixpack_Chroma_389.npz,113809,copied
Sixpack_Chroma,390,Sixpack_Chroma_390.npz,118318,copied
Sixpack_Chroma,391,Sixpack_Chroma_391.npz,96927,copied
Sixpack_Chroma,392,Sixpack_Chroma_392.npz,96225,copied
Sixpack_Chroma,393,Sixpack_Chroma_393.npz,106182,copied
Sixpack_Chroma,394,Sixpack_Chroma_394.npz,92193,copied
Sixpack_Chroma,395,Sixpack_Chroma_395.npz,110299,copied
Sixpack_Chroma,396,Sixpack_Chroma_396.npz,85648,copied
Sixpack_Chroma,397,Sixpack_Chroma_397.npz,99785,copied
Sixpack_Chroma,398,Sixpack_Chroma_398.npz,112416,copied
Sixpack_Chroma,399,Sixpack_Chroma_399.npz,152031,copied
Sixpack_Chroma,400,Sixpack_Chroma_400.npz,128924,copied
Sixpack_Chroma,401,Sixpack_Chroma_401.npz,144627,copied
Sixpack_Chroma,402,Sixpack_Chroma_402.npz,106449,copied
Sixpack_Chroma,403,Sixpack_Chroma_403.npz,87984,copied
Sixpack_Chroma,404,Sixpack_Chroma_404.npz,115874,copied
Sixpack_Chroma,405,Sixpack_Chroma_405.npz,65468,copied
Sixpack_Chroma,406,Sixpack_Chroma_406.npz,40096,copied
Sixpack_Chroma,407,Sixpack_Chroma_407.npz,79163,copied
Sixpack_Chroma,408,Sixpack_Chroma_408.npz,95412,copied
Sixpack_Chroma,409,Sixpack_Chroma_409.npz,106161,copied
Sixpack_Chroma,410,Sixpack_Chroma_410.npz,128907,copied
Sixpack_Chroma,411,Sixpack_Chroma_411.npz,92839,copied
Sixpack_Chroma,412,Sixpack_Chroma_412.npz,70953,copied
Sixpack_Chroma,413,Sixpack_Chroma_413.npz,86959,copied
Sixpack_Chroma,414,Sixpack_Chroma_414.npz,102513,copied
Sixpack_Chroma,415,Sixpack_Chroma_415.npz,49147,copied
Sixpack_Chroma,416,Sixpack_Chroma_416.npz,85711,copied
Sixpack_Chroma,417,Sixpack_Chroma_417.npz,103289,copied
Sixpack_Chroma,418,Sixpack_Chroma_418.npz,124987,copied
Sixpack_Chroma,419,Sixpack_Chroma_419.npz,101966,copied
Sixpack_Chroma,420,Sixpack_Chroma_420.npz,48987,copied
Sixpack_Chroma,421,Sixpack_Chroma_421.npz,40601,copied
Sixpack_Chroma,422,Sixpack_Chroma_422.npz,93827,copied
Sixpack_Chroma,423,Sixpack_Chroma_423.npz,40721,copied
Sixpack_Chroma,424,Sixpack_Chroma_424.npz,40493,copied
Sixpack_Chroma,425,Sixpack_Chroma_425.npz,63692,copied
Sixpack_Chroma,426,Sixpack_Chroma_426.npz,46459,copied
Sixpack_Chroma,427,Sixpack_Chroma_427.npz,131006,copied
Sixpack_Chroma,428,Sixpack_Chroma_428.npz,63295,copied
Sixpack_Chroma,429,Sixpack_Chroma_429.npz,42892,copied
Sixpack_Chroma,430,Sixpack_Chroma_430.npz,41199,copied
Sixpack_Chroma,431,Sixpack_Chroma_431.npz,40681,copied
Sixpack_Chroma,432,Sixpack_Chroma_432.npz,40899,copied
Sixpack_Chroma,433,Sixpack_Chroma_433.npz,70125,copied
Sixpack_Chroma,434,Sixpack_Chroma_434.npz,67928,copied
Sixpack_Chroma,435,Sixpack_Chroma_435.npz,105737,copied
Sixpack_Chroma,436,Sixpack_Chroma_436.npz,98307,copied
Sixpack_Chroma,437,Sixpack_Chroma_437.npz,43066,copied
Sixpack_Chroma,438,Sixpack_Chroma_438.npz,43091,copied
Sixpack_Chroma,439,Sixpack_Chroma_439.npz,42811,copied
Sixpack_Chroma,440,Sixpack_Chroma_440.npz,42750,copied
Sixpack_Chroma,441,Sixpack_Chroma_441.npz,98665,copied
Sixpack_Chroma,442,Sixpack_Chroma_442.npz,73852,copied
Sixpack_Chroma,443,Sixpack_Chroma_443.npz,44184,copied
Sixpack_Chroma,444,Sixpack_Chroma_444.npz,92664,copied
Sixpack_Chroma,445,Sixpack_Chroma_445.npz,43522,copied
Sixpack_Chroma,446,Sixpack_Chroma_446.npz,43795,copied
Sixpack_Chroma,447,Sixpack_Chroma_447.npz,42991,copied
Sixpack_Chroma,448,Sixpack_Chroma_448.npz,43547,copied
Sixpack_Chroma,449,Sixpack_Chroma_449.npz,100512,copied
Sixpack_Chroma,450,Sixpack_Chroma_450.npz,91165,copied
Sixpack_Chroma,451,Sixpack_Chroma_451.npz,123470,copied
Sixpack_Chroma,452,Sixpack_Chroma_452.npz,137553,copied
Sixpack_Chroma,453,Sixpack_Chroma_453.npz,133898,copied
Sixpack_Chroma,454,Sixpack_Chroma_454.npz,123193,copied
Sixpack_Chroma,455,Sixpack_Chroma_455.npz,121037,copied
Sixpack_Chroma,456,Sixpack_Chroma_456.npz,118957,copied
Sixpack_Chroma,457,Sixpack_Chroma_457.npz,99963,copied
Sixpack_Chroma,458,Sixpack_Chroma_458.npz,115639,copied
Sixpack_Chroma,459,Sixpack_Chroma_459.npz,125093,copied
Sixpack_Chroma,460,Sixpack_Chroma_460.npz,127420,copied
Sixpack_Chroma,461,Sixpack_Chroma_461.npz,106230,copied
Sixpack_Chroma,462,Sixpack_Chroma_462.npz,130244,copied
Sixpack_Chroma,463,Sixpack_Chroma_463.npz,128174,copied
Sixpack_Chroma,464,Sixpack_Chroma_464.npz,111702,copied
Sixpack_Chroma,465,Sixpack_Chroma_465.npz,113002,copied
Sixpack_Chroma,466,Sixpack_Chroma_466.npz,132145,copied
Sixpack_Chroma,467,Sixpack_Chroma_467.npz,87848,copied
Sixpack_Chroma,468,Sixpack_Chroma_468.npz,95579,copied
Sixpack_Chroma,469,Sixpack_Chroma_469.npz,138833,copied
Sixpack_Chroma,470,Sixpack_Chroma_470.npz,125032,copied
Sixpack_Chroma,471,Sixpack_Chroma_471.npz,110111,copied
Sixpack_Chroma,472,Sixpack_Chroma_472.npz,104932,copied
Sixpack_Chroma,473,Sixpack_Chroma_473.npz,70217,copied
Sixpack_Chroma,474,Sixpack_Chroma_474.npz,108809,copied
Sixpack_Chroma,475,Sixpack_Chroma_475.npz,81152,copied
Sixpack_Chroma,476,Sixpack_Chroma_476.npz,88000,copied
Sixpack_Chroma,477,Sixpack_Chroma_477.npz,37492,copied
Sixpack_Chroma,478,Sixpack_Chroma_478.npz,40653,copied
Sixpack_Chroma,479,Sixpack_Chroma_479.npz,40526,copied
Sixpack_Chroma,480,Sixpack_Chroma_480.npz,40594,copied
Sixpack_Chroma,481,Sixpack_Chroma_481.npz,113794,copied
Sixpack_Chroma,482,Sixpack_Chroma_482.npz,127717,copied
Sixpack_Chroma,483,Sixpack_Chroma_483.npz,42521,copied
Sixpack_Chroma,484,Sixpack_Chroma_484.npz,58436,copied
Sixpack_Chroma,485,Sixpack_Chroma_485.npz,37641,copied
Sixpack_Chroma,486,Sixpack_Chroma_486.npz,40285,copied
Sixpack_Chroma,487,Sixpack_Chroma_487.npz,40734,copied
Sixpack_Chroma,488,Sixpack_Chroma_488.npz,41041,copied
Sixpack_Chroma,489,Sixpack_Chroma_489.npz,106789,copied
Sixpack_Chroma,490,Sixpack_Chroma_490.npz,99037,copied
Sixpack_Chroma,491,Sixpack_Chroma_491.npz,79200,copied
Sixpack_Chroma,492,Sixpack_Chroma_492.npz,42743,copied
Sixpack_Chroma,493,Sixpack_Chroma_493.npz,42163,copied
Sixpack_Chroma,494,Sixpack_Chroma_494.npz,40559,copied
Sixpack_Chroma,495,Sixpack_Chroma_495.npz,40587,copied
Sixpack_Chroma,496,Sixpack_Chroma_496.npz,40833,copied
Sixpack_Chroma,497,Sixpack_Chroma_497.npz,88322,copied
Sixpack_Chroma,498,Sixpack_Chroma_498.npz,125429,copied
Sixpack_Chroma,499,Sixpack_Chroma_499.npz,61051,copied
Sixpack_Chroma,500,Sixpack_Chroma_500.npz,41905,copied
Sixpack_Chroma,501,Sixpack_Chroma_501.npz,43741,copied
Sixpack_Chroma,502,Sixpack_Chroma_502.npz,42813,copied
Sixpack_Chroma,503,Sixpack_Chroma_503.npz,41610,copied
Sixpack_Chroma,504,Sixpack_Chroma_504.npz,41059,copied
Sixpack_Chroma,505,Sixpack_Chroma_505.npz,46513,copied
Sixpack_Chroma,506,Sixpack_Chroma_506.npz,128899,copied
Sixpack_Chroma,507,Sixpack_Chroma_507.npz,88963,copied
Sixpack_Chroma,508,Sixpack_Chroma_508.npz,43105,copied
Sixpack_Chroma,509,Sixpack_Chroma_509.npz,42251,copied
Sixpack_Chroma,510,Sixpack_Chroma_510.npz,43078,copied
Sixpack_Chroma,511,Sixpack_Chroma_511.npz,43429,copied
Sixpack_Chroma,512,Sixpack_Chroma_512.npz,42990,copied
